[lipnet-macos 2026-05-18 03:02:13] Log salvo em: /Users/viniciustormin/02 Areas/UFG/Visão Computacional/LipNet-PyTorch-Transformer/logs/macos/run_20260518_030213.log
[lipnet-macos 2026-05-18 03:02:13] Para acompanhar em outro terminal: tail -f /Users/viniciustormin/02 Areas/UFG/Visão Computacional/LipNet-PyTorch-Transformer/logs/macos/run_20260518_030213.log
[lipnet-macos 2026-05-18 03:02:13] === Setup: instalando dependências ===
[lipnet-macos 2026-05-18 03:02:13] Instalando/verificando dependências...
[lipnet-macos 2026-05-18 03:02:13] Dependências prontas.
[lipnet-macos 2026-05-18 03:02:13] Device: auto  |  Speakers: 1  |  Models: gru transformer
[lipnet-macos 2026-05-18 03:02:13] Epochs: 50  |  Batch: 4  |  LR: 1e-4
[lipnet-macos 2026-05-18 03:02:13] === Etapa 0: Download IGNORADO (SKIP_DOWNLOAD=1) ===
[lipnet-macos 2026-05-18 03:02:13] === Etapa 1: Extraindo frames e recortando lips (device=cpu) ===
[lipnet-macos 2026-05-18 03:02:13]   Processando s1 (pode levar horas na primeira vez)...
/Users/viniciustormin/02 Areas/UFG/Visão Computacional/LipNet-PyTorch-Transformer/.venv/lib/python3.13/site-packages/face_alignment/api.py:130: UserWarning: Compiling face alignment model (one-time cost). Subsequent runs will be faster.
  warnings.warn(
/Users/viniciustormin/02 Areas/UFG/Visão Computacional/LipNet-PyTorch-Transformer/.venv/lib/python3.13/site-packages/face_alignment/api.py:130: UserWarning: Compiling face alignment model (one-time cost). Subsequent runs will be faster.
  warnings.warn(
/Users/viniciustormin/02 Areas/UFG/Visão Computacional/LipNet-PyTorch-Transformer/.venv/lib/python3.13/site-packages/face_alignment/api.py:130: UserWarning: Compiling face alignment model (one-time cost). Subsequent runs will be faster.
  warnings.warn(
/Users/viniciustormin/02 Areas/UFG/Visão Computacional/LipNet-PyTorch-Transformer/.venv/lib/python3.13/site-packages/face_alignment/api.py:130: UserWarning: Compiling face alignment model (one-time cost). Subsequent runs will be faster.
  warnings.warn(
/Users/viniciustormin/02 Areas/UFG/Visão Computacional/LipNet-PyTorch-Transformer/.venv/lib/python3.13/site-packages/face_alignment/api.py:130: UserWarning: Compiling face alignment model (one-time cost). Subsequent runs will be faster.
  warnings.warn(
/Users/viniciustormin/02 Areas/UFG/Visão Computacional/LipNet-PyTorch-Transformer/.venv/lib/python3.13/site-packages/face_alignment/api.py:130: UserWarning: Compiling face alignment model (one-time cost). Subsequent runs will be faster.
  warnings.warn(
/Users/viniciustormin/02 Areas/UFG/Visão Computacional/LipNet-PyTorch-Transformer/.venv/lib/python3.13/site-packages/face_alignment/api.py:130: UserWarning: Compiling face alignment model (one-time cost). Subsequent runs will be faster.
  warnings.warn(
/Users/viniciustormin/02 Areas/UFG/Visão Computacional/LipNet-PyTorch-Transformer/.venv/lib/python3.13/site-packages/face_alignment/api.py:130: UserWarning: Compiling face alignment model (one-time cost). Subsequent runs will be faster.
  warnings.warn(
/Users/viniciustormin/02 Areas/UFG/Visão Computacional/LipNet-PyTorch-Transformer/.venv/lib/python3.13/site-packages/face_alignment/api.py:130: UserWarning: Compiling face alignment model (one-time cost). Subsequent runs will be faster.
  warnings.warn(
/Users/viniciustormin/02 Areas/UFG/Visão Computacional/LipNet-PyTorch-Transformer/.venv/lib/python3.13/site-packages/face_alignment/api.py:130: UserWarning: Compiling face alignment model (one-time cost). Subsequent runs will be faster.
  warnings.warn(
/Users/viniciustormin/02 Areas/UFG/Visão Computacional/LipNet-PyTorch-Transformer/.venv/lib/python3.13/site-packages/face_alignment/api.py:130: UserWarning: Compiling face alignment model (one-time cost). Subsequent runs will be faster.
  warnings.warn(
/Users/viniciustormin/02 Areas/UFG/Visão Computacional/LipNet-PyTorch-Transformer/.venv/lib/python3.13/site-packages/face_alignment/api.py:130: UserWarning: Compiling face alignment model (one-time cost). Subsequent runs will be faster.
  warnings.warn(
/Users/viniciustormin/02 Areas/UFG/Visão Computacional/LipNet-PyTorch-Transformer/.venv/lib/python3.13/site-packages/face_alignment/api.py:130: UserWarning: Compiling face alignment model (one-time cost). Subsequent runs will be faster.
  warnings.warn(
/Users/viniciustormin/02 Areas/UFG/Visão Computacional/LipNet-PyTorch-Transformer/.venv/lib/python3.13/site-packages/face_alignment/api.py:130: UserWarning: Compiling face alignment model (one-time cost). Subsequent runs will be faster.
  warnings.warn(
/Users/viniciustormin/02 Areas/UFG/Visão Computacional/LipNet-PyTorch-Transformer/.venv/lib/python3.13/site-packages/face_alignment/api.py:130: UserWarning: Compiling face alignment model (one-time cost). Subsequent runs will be faster.
  warnings.warn(
/Users/viniciustormin/02 Areas/UFG/Visão Computacional/LipNet-PyTorch-Transformer/.venv/lib/python3.13/site-packages/face_alignment/api.py:130: UserWarning: Compiling face alignment model (one-time cost). Subsequent runs will be faster.
  warnings.warn(
/Users/viniciustormin/02 Areas/UFG/Visão Computacional/LipNet-PyTorch-Transformer/.venv/lib/python3.13/site-packages/face_alignment/api.py:130: UserWarning: Compiling face alignment model (one-time cost). Subsequent runs will be faster.
  warnings.warn(
/Users/viniciustormin/02 Areas/UFG/Visão Computacional/LipNet-PyTorch-Transformer/.venv/lib/python3.13/site-packages/face_alignment/api.py:130: UserWarning: Compiling face alignment model (one-time cost). Subsequent runs will be faster.
  warnings.warn(
/Users/viniciustormin/02 Areas/UFG/Visão Computacional/LipNet-PyTorch-Transformer/.venv/lib/python3.13/site-packages/face_alignment/api.py:130: UserWarning: Compiling face alignment model (one-time cost). Subsequent runs will be faster.
  warnings.warn(
/Users/viniciustormin/02 Areas/UFG/Visão Computacional/LipNet-PyTorch-Transformer/.venv/lib/python3.13/site-packages/face_alignment/api.py:130: UserWarning: Compiling face alignment model (one-time cost). Subsequent runs will be faster.
  warnings.warn(
/Users/viniciustormin/02 Areas/UFG/Visão Computacional/LipNet-PyTorch-Transformer/.venv/lib/python3.13/site-packages/face_alignment/api.py:130: UserWarning: Compiling face alignment model (one-time cost). Subsequent runs will be faster.
  warnings.warn(
/Users/viniciustormin/02 Areas/UFG/Visão Computacional/LipNet-PyTorch-Transformer/.venv/lib/python3.13/site-packages/face_alignment/api.py:130: UserWarning: Compiling face alignment model (one-time cost). Subsequent runs will be faster.
  warnings.warn(
/Users/viniciustormin/02 Areas/UFG/Visão Computacional/LipNet-PyTorch-Transformer/.venv/lib/python3.13/site-packages/face_alignment/api.py:130: UserWarning: Compiling face alignment model (one-time cost). Subsequent runs will be faster.
  warnings.warn(
/Users/viniciustormin/02 Areas/UFG/Visão Computacional/LipNet-PyTorch-Transformer/.venv/lib/python3.13/site-packages/face_alignment/api.py:130: UserWarning: Compiling face alignment model (one-time cost). Subsequent runs will be faster.
  warnings.warn(
/Users/viniciustormin/02 Areas/UFG/Visão Computacional/LipNet-PyTorch-Transformer/.venv/lib/python3.13/site-packages/face_alignment/api.py:130: UserWarning: Compiling face alignment model (one-time cost). Subsequent runs will be faster.
  warnings.warn(
/Users/viniciustormin/02 Areas/UFG/Visão Computacional/LipNet-PyTorch-Transformer/.venv/lib/python3.13/site-packages/face_alignment/api.py:130: UserWarning: Compiling face alignment model (one-time cost). Subsequent runs will be faster.
  warnings.warn(
/Users/viniciustormin/02 Areas/UFG/Visão Computacional/LipNet-PyTorch-Transformer/.venv/lib/python3.13/site-packages/face_alignment/api.py:130: UserWarning: Compiling face alignment model (one-time cost). Subsequent runs will be faster.
  warnings.warn(
/Users/viniciustormin/02 Areas/UFG/Visão Computacional/LipNet-PyTorch-Transformer/.venv/lib/python3.13/site-packages/face_alignment/api.py:130: UserWarning: Compiling face alignment model (one-time cost). Subsequent runs will be faster.
  warnings.warn(
/Users/viniciustormin/02 Areas/UFG/Visão Computacional/LipNet-PyTorch-Transformer/.venv/lib/python3.13/site-packages/face_alignment/api.py:130: UserWarning: Compiling face alignment model (one-time cost). Subsequent runs will be faster.
  warnings.warn(
/Users/viniciustormin/02 Areas/UFG/Visão Computacional/LipNet-PyTorch-Transformer/.venv/lib/python3.13/site-packages/face_alignment/api.py:130: UserWarning: Compiling face alignment model (one-time cost). Subsequent runs will be faster.
  warnings.warn(
/Users/viniciustormin/02 Areas/UFG/Visão Computacional/LipNet-PyTorch-Transformer/.venv/lib/python3.13/site-packages/face_alignment/api.py:130: UserWarning: Compiling face alignment model (one-time cost). Subsequent runs will be faster.
  warnings.warn(
/Users/viniciustormin/02 Areas/UFG/Visão Computacional/LipNet-PyTorch-Transformer/.venv/lib/python3.13/site-packages/face_alignment/api.py:130: UserWarning: Compiling face alignment model (one-time cost). Subsequent runs will be faster.
  warnings.warn(
/Users/viniciustormin/02 Areas/UFG/Visão Computacional/LipNet-PyTorch-Transformer/.venv/lib/python3.13/site-packages/face_alignment/api.py:130: UserWarning: Compiling face alignment model (one-time cost). Subsequent runs will be faster.
  warnings.warn(
/Users/viniciustormin/02 Areas/UFG/Visão Computacional/LipNet-PyTorch-Transformer/.venv/lib/python3.13/site-packages/face_alignment/api.py:130: UserWarning: Compiling face alignment model (one-time cost). Subsequent runs will be faster.
  warnings.warn(
/Users/viniciustormin/02 Areas/UFG/Visão Computacional/LipNet-PyTorch-Transformer/.venv/lib/python3.13/site-packages/face_alignment/api.py:130: UserWarning: Compiling face alignment model (one-time cost). Subsequent runs will be faster.
  warnings.warn(
/Users/viniciustormin/02 Areas/UFG/Visão Computacional/LipNet-PyTorch-Transformer/.venv/lib/python3.13/site-packages/face_alignment/api.py:130: UserWarning: Compiling face alignment model (one-time cost). Subsequent runs will be faster.
  warnings.warn(
/Users/viniciustormin/02 Areas/UFG/Visão Computacional/LipNet-PyTorch-Transformer/.venv/lib/python3.13/site-packages/face_alignment/api.py:130: UserWarning: Compiling face alignment model (one-time cost). Subsequent runs will be faster.
  warnings.warn(
/Users/viniciustormin/02 Areas/UFG/Visão Computacional/LipNet-PyTorch-Transformer/.venv/lib/python3.13/site-packages/face_alignment/api.py:130: UserWarning: Compiling face alignment model (one-time cost). Subsequent runs will be faster.
  warnings.warn(
/Users/viniciustormin/02 Areas/UFG/Visão Computacional/LipNet-PyTorch-Transformer/.venv/lib/python3.13/site-packages/face_alignment/api.py:130: UserWarning: Compiling face alignment model (one-time cost). Subsequent runs will be faster.
  warnings.warn(
/Users/viniciustormin/02 Areas/UFG/Visão Computacional/LipNet-PyTorch-Transformer/.venv/lib/python3.13/site-packages/face_alignment/api.py:130: UserWarning: Compiling face alignment model (one-time cost). Subsequent runs will be faster.
  warnings.warn(
/Users/viniciustormin/02 Areas/UFG/Visão Computacional/LipNet-PyTorch-Transformer/.venv/lib/python3.13/site-packages/face_alignment/api.py:130: UserWarning: Compiling face alignment model (one-time cost). Subsequent runs will be faster.
  warnings.warn(
/Users/viniciustormin/02 Areas/UFG/Visão Computacional/LipNet-PyTorch-Transformer/.venv/lib/python3.13/site-packages/face_alignment/api.py:130: UserWarning: Compiling face alignment model (one-time cost). Subsequent runs will be faster.
  warnings.warn(
/Users/viniciustormin/02 Areas/UFG/Visão Computacional/LipNet-PyTorch-Transformer/.venv/lib/python3.13/site-packages/face_alignment/api.py:130: UserWarning: Compiling face alignment model (one-time cost). Subsequent runs will be faster.
  warnings.warn(
/Users/viniciustormin/02 Areas/UFG/Visão Computacional/LipNet-PyTorch-Transformer/.venv/lib/python3.13/site-packages/face_alignment/api.py:130: UserWarning: Compiling face alignment model (one-time cost). Subsequent runs will be faster.
  warnings.warn(
/Users/viniciustormin/02 Areas/UFG/Visão Computacional/LipNet-PyTorch-Transformer/.venv/lib/python3.13/site-packages/face_alignment/api.py:130: UserWarning: Compiling face alignment model (one-time cost). Subsequent runs will be faster.
  warnings.warn(
/Users/viniciustormin/02 Areas/UFG/Visão Computacional/LipNet-PyTorch-Transformer/.venv/lib/python3.13/site-packages/face_alignment/api.py:130: UserWarning: Compiling face alignment model (one-time cost). Subsequent runs will be faster.
  warnings.warn(
/Users/viniciustormin/02 Areas/UFG/Visão Computacional/LipNet-PyTorch-Transformer/.venv/lib/python3.13/site-packages/face_alignment/api.py:215: UserWarning: No faces were detected.
  warnings.warn("No faces were detected.")
/Users/viniciustormin/02 Areas/UFG/Visão Computacional/LipNet-PyTorch-Transformer/.venv/lib/python3.13/site-packages/face_alignment/api.py:130: UserWarning: Compiling face alignment model (one-time cost). Subsequent runs will be faster.
  warnings.warn(
/Users/viniciustormin/02 Areas/UFG/Visão Computacional/LipNet-PyTorch-Transformer/.venv/lib/python3.13/site-packages/face_alignment/api.py:130: UserWarning: Compiling face alignment model (one-time cost). Subsequent runs will be faster.
  warnings.warn(
/Users/viniciustormin/02 Areas/UFG/Visão Computacional/LipNet-PyTorch-Transformer/.venv/lib/python3.13/site-packages/face_alignment/api.py:130: UserWarning: Compiling face alignment model (one-time cost). Subsequent runs will be faster.
  warnings.warn(
/Users/viniciustormin/02 Areas/UFG/Visão Computacional/LipNet-PyTorch-Transformer/.venv/lib/python3.13/site-packages/face_alignment/api.py:130: UserWarning: Compiling face alignment model (one-time cost). Subsequent runs will be faster.
  warnings.warn(
/Users/viniciustormin/02 Areas/UFG/Visão Computacional/LipNet-PyTorch-Transformer/.venv/lib/python3.13/site-packages/face_alignment/api.py:130: UserWarning: Compiling face alignment model (one-time cost). Subsequent runs will be faster.
  warnings.warn(
/Users/viniciustormin/02 Areas/UFG/Visão Computacional/LipNet-PyTorch-Transformer/.venv/lib/python3.13/site-packages/face_alignment/api.py:130: UserWarning: Compiling face alignment model (one-time cost). Subsequent runs will be faster.
  warnings.warn(
/Users/viniciustormin/02 Areas/UFG/Visão Computacional/LipNet-PyTorch-Transformer/.venv/lib/python3.13/site-packages/face_alignment/api.py:130: UserWarning: Compiling face alignment model (one-time cost). Subsequent runs will be faster.
  warnings.warn(
/Users/viniciustormin/02 Areas/UFG/Visão Computacional/LipNet-PyTorch-Transformer/.venv/lib/python3.13/site-packages/face_alignment/api.py:130: UserWarning: Compiling face alignment model (one-time cost). Subsequent runs will be faster.
  warnings.warn(
/Users/viniciustormin/02 Areas/UFG/Visão Computacional/LipNet-PyTorch-Transformer/.venv/lib/python3.13/site-packages/face_alignment/api.py:130: UserWarning: Compiling face alignment model (one-time cost). Subsequent runs will be faster.
  warnings.warn(
/Users/viniciustormin/02 Areas/UFG/Visão Computacional/LipNet-PyTorch-Transformer/.venv/lib/python3.13/site-packages/face_alignment/api.py:130: UserWarning: Compiling face alignment model (one-time cost). Subsequent runs will be faster.
  warnings.warn(
/Users/viniciustormin/02 Areas/UFG/Visão Computacional/LipNet-PyTorch-Transformer/.venv/lib/python3.13/site-packages/face_alignment/api.py:130: UserWarning: Compiling face alignment model (one-time cost). Subsequent runs will be faster.
  warnings.warn(
/Users/viniciustormin/02 Areas/UFG/Visão Computacional/LipNet-PyTorch-Transformer/.venv/lib/python3.13/site-packages/face_alignment/api.py:130: UserWarning: Compiling face alignment model (one-time cost). Subsequent runs will be faster.
  warnings.warn(
/Users/viniciustormin/02 Areas/UFG/Visão Computacional/LipNet-PyTorch-Transformer/.venv/lib/python3.13/site-packages/face_alignment/api.py:130: UserWarning: Compiling face alignment model (one-time cost). Subsequent runs will be faster.
  warnings.warn(
/Users/viniciustormin/02 Areas/UFG/Visão Computacional/LipNet-PyTorch-Transformer/.venv/lib/python3.13/site-packages/face_alignment/api.py:130: UserWarning: Compiling face alignment model (one-time cost). Subsequent runs will be faster.
  warnings.warn(
/Users/viniciustormin/02 Areas/UFG/Visão Computacional/LipNet-PyTorch-Transformer/.venv/lib/python3.13/site-packages/face_alignment/api.py:130: UserWarning: Compiling face alignment model (one-time cost). Subsequent runs will be faster.
  warnings.warn(
/Users/viniciustormin/02 Areas/UFG/Visão Computacional/LipNet-PyTorch-Transformer/.venv/lib/python3.13/site-packages/face_alignment/api.py:130: UserWarning: Compiling face alignment model (one-time cost). Subsequent runs will be faster.
  warnings.warn(
/Users/viniciustormin/02 Areas/UFG/Visão Computacional/LipNet-PyTorch-Transformer/.venv/lib/python3.13/site-packages/face_alignment/api.py:130: UserWarning: Compiling face alignment model (one-time cost). Subsequent runs will be faster.
  warnings.warn(
/Users/viniciustormin/02 Areas/UFG/Visão Computacional/LipNet-PyTorch-Transformer/.venv/lib/python3.13/site-packages/face_alignment/api.py:130: UserWarning: Compiling face alignment model (one-time cost). Subsequent runs will be faster.
  warnings.warn(
/Users/viniciustormin/02 Areas/UFG/Visão Computacional/LipNet-PyTorch-Transformer/.venv/lib/python3.13/site-packages/face_alignment/api.py:130: UserWarning: Compiling face alignment model (one-time cost). Subsequent runs will be faster.
  warnings.warn(
/Users/viniciustormin/02 Areas/UFG/Visão Computacional/LipNet-PyTorch-Transformer/.venv/lib/python3.13/site-packages/face_alignment/api.py:130: UserWarning: Compiling face alignment model (one-time cost). Subsequent runs will be faster.
  warnings.warn(
/Users/viniciustormin/02 Areas/UFG/Visão Computacional/LipNet-PyTorch-Transformer/.venv/lib/python3.13/site-packages/face_alignment/api.py:130: UserWarning: Compiling face alignment model (one-time cost). Subsequent runs will be faster.
  warnings.warn(
/Users/viniciustormin/02 Areas/UFG/Visão Computacional/LipNet-PyTorch-Transformer/.venv/lib/python3.13/site-packages/face_alignment/api.py:130: UserWarning: Compiling face alignment model (one-time cost). Subsequent runs will be faster.
  warnings.warn(
/Users/viniciustormin/02 Areas/UFG/Visão Computacional/LipNet-PyTorch-Transformer/.venv/lib/python3.13/site-packages/face_alignment/api.py:130: UserWarning: Compiling face alignment model (one-time cost). Subsequent runs will be faster.
  warnings.warn(
/Users/viniciustormin/02 Areas/UFG/Visão Computacional/LipNet-PyTorch-Transformer/.venv/lib/python3.13/site-packages/face_alignment/api.py:130: UserWarning: Compiling face alignment model (one-time cost). Subsequent runs will be faster.
  warnings.warn(
/Users/viniciustormin/02 Areas/UFG/Visão Computacional/LipNet-PyTorch-Transformer/.venv/lib/python3.13/site-packages/face_alignment/api.py:130: UserWarning: Compiling face alignment model (one-time cost). Subsequent runs will be faster.
  warnings.warn(
/Users/viniciustormin/02 Areas/UFG/Visão Computacional/LipNet-PyTorch-Transformer/.venv/lib/python3.13/site-packages/face_alignment/api.py:130: UserWarning: Compiling face alignment model (one-time cost). Subsequent runs will be faster.
  warnings.warn(
/Users/viniciustormin/02 Areas/UFG/Visão Computacional/LipNet-PyTorch-Transformer/.venv/lib/python3.13/site-packages/face_alignment/api.py:130: UserWarning: Compiling face alignment model (one-time cost). Subsequent runs will be faster.
  warnings.warn(
/Users/viniciustormin/02 Areas/UFG/Visão Computacional/LipNet-PyTorch-Transformer/.venv/lib/python3.13/site-packages/face_alignment/api.py:130: UserWarning: Compiling face alignment model (one-time cost). Subsequent runs will be faster.
  warnings.warn(
/Users/viniciustormin/02 Areas/UFG/Visão Computacional/LipNet-PyTorch-Transformer/.venv/lib/python3.13/site-packages/face_alignment/api.py:130: UserWarning: Compiling face alignment model (one-time cost). Subsequent runs will be faster.
  warnings.warn(
/Users/viniciustormin/02 Areas/UFG/Visão Computacional/LipNet-PyTorch-Transformer/.venv/lib/python3.13/site-packages/face_alignment/api.py:130: UserWarning: Compiling face alignment model (one-time cost). Subsequent runs will be faster.
  warnings.warn(
/Users/viniciustormin/02 Areas/UFG/Visão Computacional/LipNet-PyTorch-Transformer/.venv/lib/python3.13/site-packages/face_alignment/api.py:130: UserWarning: Compiling face alignment model (one-time cost). Subsequent runs will be faster.
  warnings.warn(
/Users/viniciustormin/02 Areas/UFG/Visão Computacional/LipNet-PyTorch-Transformer/.venv/lib/python3.13/site-packages/face_alignment/api.py:130: UserWarning: Compiling face alignment model (one-time cost). Subsequent runs will be faster.
  warnings.warn(
/Users/viniciustormin/02 Areas/UFG/Visão Computacional/LipNet-PyTorch-Transformer/.venv/lib/python3.13/site-packages/face_alignment/api.py:130: UserWarning: Compiling face alignment model (one-time cost). Subsequent runs will be faster.
  warnings.warn(
/Users/viniciustormin/02 Areas/UFG/Visão Computacional/LipNet-PyTorch-Transformer/.venv/lib/python3.13/site-packages/face_alignment/api.py:130: UserWarning: Compiling face alignment model (one-time cost). Subsequent runs will be faster.
  warnings.warn(
/Users/viniciustormin/02 Areas/UFG/Visão Computacional/LipNet-PyTorch-Transformer/.venv/lib/python3.13/site-packages/face_alignment/api.py:130: UserWarning: Compiling face alignment model (one-time cost). Subsequent runs will be faster.
  warnings.warn(
/Users/viniciustormin/02 Areas/UFG/Visão Computacional/LipNet-PyTorch-Transformer/.venv/lib/python3.13/site-packages/face_alignment/api.py:130: UserWarning: Compiling face alignment model (one-time cost). Subsequent runs will be faster.
  warnings.warn(
/Users/viniciustormin/02 Areas/UFG/Visão Computacional/LipNet-PyTorch-Transformer/.venv/lib/python3.13/site-packages/face_alignment/api.py:130: UserWarning: Compiling face alignment model (one-time cost). Subsequent runs will be faster.
  warnings.warn(
/Users/viniciustormin/02 Areas/UFG/Visão Computacional/LipNet-PyTorch-Transformer/.venv/lib/python3.13/site-packages/face_alignment/api.py:130: UserWarning: Compiling face alignment model (one-time cost). Subsequent runs will be faster.
  warnings.warn(
/Users/viniciustormin/02 Areas/UFG/Visão Computacional/LipNet-PyTorch-Transformer/.venv/lib/python3.13/site-packages/face_alignment/api.py:130: UserWarning: Compiling face alignment model (one-time cost). Subsequent runs will be faster.
  warnings.warn(
/Users/viniciustormin/02 Areas/UFG/Visão Computacional/LipNet-PyTorch-Transformer/.venv/lib/python3.13/site-packages/face_alignment/api.py:130: UserWarning: Compiling face alignment model (one-time cost). Subsequent runs will be faster.
  warnings.warn(
/Users/viniciustormin/02 Areas/UFG/Visão Computacional/LipNet-PyTorch-Transformer/.venv/lib/python3.13/site-packages/face_alignment/api.py:130: UserWarning: Compiling face alignment model (one-time cost). Subsequent runs will be faster.
  warnings.warn(
/Users/viniciustormin/02 Areas/UFG/Visão Computacional/LipNet-PyTorch-Transformer/.venv/lib/python3.13/site-packages/face_alignment/api.py:130: UserWarning: Compiling face alignment model (one-time cost). Subsequent runs will be faster.
  warnings.warn(
/Users/viniciustormin/02 Areas/UFG/Visão Computacional/LipNet-PyTorch-Transformer/.venv/lib/python3.13/site-packages/face_alignment/api.py:130: UserWarning: Compiling face alignment model (one-time cost). Subsequent runs will be faster.
  warnings.warn(
/Users/viniciustormin/02 Areas/UFG/Visão Computacional/LipNet-PyTorch-Transformer/.venv/lib/python3.13/site-packages/face_alignment/api.py:130: UserWarning: Compiling face alignment model (one-time cost). Subsequent runs will be faster.
  warnings.warn(
/Users/viniciustormin/02 Areas/UFG/Visão Computacional/LipNet-PyTorch-Transformer/.venv/lib/python3.13/site-packages/face_alignment/api.py:130: UserWarning: Compiling face alignment model (one-time cost). Subsequent runs will be faster.
  warnings.warn(
/Users/viniciustormin/02 Areas/UFG/Visão Computacional/LipNet-PyTorch-Transformer/.venv/lib/python3.13/site-packages/face_alignment/api.py:130: UserWarning: Compiling face alignment model (one-time cost). Subsequent runs will be faster.
  warnings.warn(
/Users/viniciustormin/02 Areas/UFG/Visão Computacional/LipNet-PyTorch-Transformer/.venv/lib/python3.13/site-packages/face_alignment/api.py:130: UserWarning: Compiling face alignment model (one-time cost). Subsequent runs will be faster.
  warnings.warn(
/Users/viniciustormin/02 Areas/UFG/Visão Computacional/LipNet-PyTorch-Transformer/.venv/lib/python3.13/site-packages/face_alignment/api.py:130: UserWarning: Compiling face alignment model (one-time cost). Subsequent runs will be faster.
  warnings.warn(
/Users/viniciustormin/02 Areas/UFG/Visão Computacional/LipNet-PyTorch-Transformer/.venv/lib/python3.13/site-packages/face_alignment/api.py:130: UserWarning: Compiling face alignment model (one-time cost). Subsequent runs will be faster.
  warnings.warn(
/Users/viniciustormin/02 Areas/UFG/Visão Computacional/LipNet-PyTorch-Transformer/.venv/lib/python3.13/site-packages/face_alignment/api.py:130: UserWarning: Compiling face alignment model (one-time cost). Subsequent runs will be faster.
  warnings.warn(
/Users/viniciustormin/02 Areas/UFG/Visão Computacional/LipNet-PyTorch-Transformer/.venv/lib/python3.13/site-packages/face_alignment/api.py:130: UserWarning: Compiling face alignment model (one-time cost). Subsequent runs will be faster.
  warnings.warn(
/Users/viniciustormin/02 Areas/UFG/Visão Computacional/LipNet-PyTorch-Transformer/.venv/lib/python3.13/site-packages/face_alignment/api.py:130: UserWarning: Compiling face alignment model (one-time cost). Subsequent runs will be faster.
  warnings.warn(
/Users/viniciustormin/02 Areas/UFG/Visão Computacional/LipNet-PyTorch-Transformer/.venv/lib/python3.13/site-packages/face_alignment/api.py:130: UserWarning: Compiling face alignment model (one-time cost). Subsequent runs will be faster.
  warnings.warn(
/Users/viniciustormin/02 Areas/UFG/Visão Computacional/LipNet-PyTorch-Transformer/.venv/lib/python3.13/site-packages/face_alignment/api.py:130: UserWarning: Compiling face alignment model (one-time cost). Subsequent runs will be faster.
  warnings.warn(
/Users/viniciustormin/02 Areas/UFG/Visão Computacional/LipNet-PyTorch-Transformer/.venv/lib/python3.13/site-packages/face_alignment/api.py:130: UserWarning: Compiling face alignment model (one-time cost). Subsequent runs will be faster.
  warnings.warn(
/Users/viniciustormin/02 Areas/UFG/Visão Computacional/LipNet-PyTorch-Transformer/.venv/lib/python3.13/site-packages/face_alignment/api.py:130: UserWarning: Compiling face alignment model (one-time cost). Subsequent runs will be faster.
  warnings.warn(
/Users/viniciustormin/02 Areas/UFG/Visão Computacional/LipNet-PyTorch-Transformer/.venv/lib/python3.13/site-packages/face_alignment/api.py:130: UserWarning: Compiling face alignment model (one-time cost). Subsequent runs will be faster.
  warnings.warn(
/Users/viniciustormin/02 Areas/UFG/Visão Computacional/LipNet-PyTorch-Transformer/.venv/lib/python3.13/site-packages/face_alignment/api.py:130: UserWarning: Compiling face alignment model (one-time cost). Subsequent runs will be faster.
  warnings.warn(
/Users/viniciustormin/02 Areas/UFG/Visão Computacional/LipNet-PyTorch-Transformer/.venv/lib/python3.13/site-packages/face_alignment/api.py:130: UserWarning: Compiling face alignment model (one-time cost). Subsequent runs will be faster.
  warnings.warn(
/Users/viniciustormin/02 Areas/UFG/Visão Computacional/LipNet-PyTorch-Transformer/.venv/lib/python3.13/site-packages/face_alignment/api.py:130: UserWarning: Compiling face alignment model (one-time cost). Subsequent runs will be faster.
  warnings.warn(
/Users/viniciustormin/02 Areas/UFG/Visão Computacional/LipNet-PyTorch-Transformer/.venv/lib/python3.13/site-packages/face_alignment/api.py:130: UserWarning: Compiling face alignment model (one-time cost). Subsequent runs will be faster.
  warnings.warn(
/Users/viniciustormin/02 Areas/UFG/Visão Computacional/LipNet-PyTorch-Transformer/.venv/lib/python3.13/site-packages/face_alignment/api.py:130: UserWarning: Compiling face alignment model (one-time cost). Subsequent runs will be faster.
  warnings.warn(
/Users/viniciustormin/02 Areas/UFG/Visão Computacional/LipNet-PyTorch-Transformer/.venv/lib/python3.13/site-packages/face_alignment/api.py:130: UserWarning: Compiling face alignment model (one-time cost). Subsequent runs will be faster.
  warnings.warn(
/Users/viniciustormin/02 Areas/UFG/Visão Computacional/LipNet-PyTorch-Transformer/.venv/lib/python3.13/site-packages/face_alignment/api.py:130: UserWarning: Compiling face alignment model (one-time cost). Subsequent runs will be faster.
  warnings.warn(
/Users/viniciustormin/02 Areas/UFG/Visão Computacional/LipNet-PyTorch-Transformer/.venv/lib/python3.13/site-packages/face_alignment/api.py:130: UserWarning: Compiling face alignment model (one-time cost). Subsequent runs will be faster.
  warnings.warn(
/Users/viniciustormin/02 Areas/UFG/Visão Computacional/LipNet-PyTorch-Transformer/.venv/lib/python3.13/site-packages/face_alignment/api.py:130: UserWarning: Compiling face alignment model (one-time cost). Subsequent runs will be faster.
  warnings.warn(
/Users/viniciustormin/02 Areas/UFG/Visão Computacional/LipNet-PyTorch-Transformer/.venv/lib/python3.13/site-packages/face_alignment/api.py:130: UserWarning: Compiling face alignment model (one-time cost). Subsequent runs will be faster.
  warnings.warn(
/Users/viniciustormin/02 Areas/UFG/Visão Computacional/LipNet-PyTorch-Transformer/.venv/lib/python3.13/site-packages/face_alignment/api.py:130: UserWarning: Compiling face alignment model (one-time cost). Subsequent runs will be faster.
  warnings.warn(
/Users/viniciustormin/02 Areas/UFG/Visão Computacional/LipNet-PyTorch-Transformer/.venv/lib/python3.13/site-packages/face_alignment/api.py:130: UserWarning: Compiling face alignment model (one-time cost). Subsequent runs will be faster.
  warnings.warn(
/Users/viniciustormin/02 Areas/UFG/Visão Computacional/LipNet-PyTorch-Transformer/.venv/lib/python3.13/site-packages/face_alignment/api.py:130: UserWarning: Compiling face alignment model (one-time cost). Subsequent runs will be faster.
  warnings.warn(
/Users/viniciustormin/02 Areas/UFG/Visão Computacional/LipNet-PyTorch-Transformer/.venv/lib/python3.13/site-packages/face_alignment/api.py:130: UserWarning: Compiling face alignment model (one-time cost). Subsequent runs will be faster.
  warnings.warn(
/Users/viniciustormin/02 Areas/UFG/Visão Computacional/LipNet-PyTorch-Transformer/.venv/lib/python3.13/site-packages/face_alignment/api.py:130: UserWarning: Compiling face alignment model (one-time cost). Subsequent runs will be faster.
  warnings.warn(
/Users/viniciustormin/02 Areas/UFG/Visão Computacional/LipNet-PyTorch-Transformer/.venv/lib/python3.13/site-packages/face_alignment/api.py:130: UserWarning: Compiling face alignment model (one-time cost). Subsequent runs will be faster.
  warnings.warn(
/Users/viniciustormin/02 Areas/UFG/Visão Computacional/LipNet-PyTorch-Transformer/.venv/lib/python3.13/site-packages/face_alignment/api.py:130: UserWarning: Compiling face alignment model (one-time cost). Subsequent runs will be faster.
  warnings.warn(
/Users/viniciustormin/02 Areas/UFG/Visão Computacional/LipNet-PyTorch-Transformer/.venv/lib/python3.13/site-packages/face_alignment/api.py:130: UserWarning: Compiling face alignment model (one-time cost). Subsequent runs will be faster.
  warnings.warn(
/Users/viniciustormin/02 Areas/UFG/Visão Computacional/LipNet-PyTorch-Transformer/.venv/lib/python3.13/site-packages/face_alignment/api.py:130: UserWarning: Compiling face alignment model (one-time cost). Subsequent runs will be faster.
  warnings.warn(
/Users/viniciustormin/02 Areas/UFG/Visão Computacional/LipNet-PyTorch-Transformer/.venv/lib/python3.13/site-packages/face_alignment/api.py:130: UserWarning: Compiling face alignment model (one-time cost). Subsequent runs will be faster.
  warnings.warn(
/Users/viniciustormin/02 Areas/UFG/Visão Computacional/LipNet-PyTorch-Transformer/.venv/lib/python3.13/site-packages/face_alignment/api.py:130: UserWarning: Compiling face alignment model (one-time cost). Subsequent runs will be faster.
  warnings.warn(
/Users/viniciustormin/02 Areas/UFG/Visão Computacional/LipNet-PyTorch-Transformer/.venv/lib/python3.13/site-packages/face_alignment/api.py:130: UserWarning: Compiling face alignment model (one-time cost). Subsequent runs will be faster.
  warnings.warn(
/Users/viniciustormin/02 Areas/UFG/Visão Computacional/LipNet-PyTorch-Transformer/.venv/lib/python3.13/site-packages/face_alignment/api.py:130: UserWarning: Compiling face alignment model (one-time cost). Subsequent runs will be faster.
  warnings.warn(
/Users/viniciustormin/02 Areas/UFG/Visão Computacional/LipNet-PyTorch-Transformer/.venv/lib/python3.13/site-packages/face_alignment/api.py:130: UserWarning: Compiling face alignment model (one-time cost). Subsequent runs will be faster.
  warnings.warn(
/Users/viniciustormin/02 Areas/UFG/Visão Computacional/LipNet-PyTorch-Transformer/.venv/lib/python3.13/site-packages/face_alignment/api.py:130: UserWarning: Compiling face alignment model (one-time cost). Subsequent runs will be faster.
  warnings.warn(
/Users/viniciustormin/02 Areas/UFG/Visão Computacional/LipNet-PyTorch-Transformer/.venv/lib/python3.13/site-packages/face_alignment/api.py:130: UserWarning: Compiling face alignment model (one-time cost). Subsequent runs will be faster.
  warnings.warn(
/Users/viniciustormin/02 Areas/UFG/Visão Computacional/LipNet-PyTorch-Transformer/.venv/lib/python3.13/site-packages/face_alignment/api.py:130: UserWarning: Compiling face alignment model (one-time cost). Subsequent runs will be faster.
  warnings.warn(
/Users/viniciustormin/02 Areas/UFG/Visão Computacional/LipNet-PyTorch-Transformer/.venv/lib/python3.13/site-packages/face_alignment/api.py:130: UserWarning: Compiling face alignment model (one-time cost). Subsequent runs will be faster.
  warnings.warn(
/Users/viniciustormin/02 Areas/UFG/Visão Computacional/LipNet-PyTorch-Transformer/.venv/lib/python3.13/site-packages/face_alignment/api.py:130: UserWarning: Compiling face alignment model (one-time cost). Subsequent runs will be faster.
  warnings.warn(
/Users/viniciustormin/02 Areas/UFG/Visão Computacional/LipNet-PyTorch-Transformer/.venv/lib/python3.13/site-packages/face_alignment/api.py:130: UserWarning: Compiling face alignment model (one-time cost). Subsequent runs will be faster.
  warnings.warn(
/Users/viniciustormin/02 Areas/UFG/Visão Computacional/LipNet-PyTorch-Transformer/.venv/lib/python3.13/site-packages/face_alignment/api.py:130: UserWarning: Compiling face alignment model (one-time cost). Subsequent runs will be faster.
  warnings.warn(
/Users/viniciustormin/02 Areas/UFG/Visão Computacional/LipNet-PyTorch-Transformer/.venv/lib/python3.13/site-packages/face_alignment/api.py:130: UserWarning: Compiling face alignment model (one-time cost). Subsequent runs will be faster.
  warnings.warn(
/Users/viniciustormin/02 Areas/UFG/Visão Computacional/LipNet-PyTorch-Transformer/.venv/lib/python3.13/site-packages/face_alignment/api.py:130: UserWarning: Compiling face alignment model (one-time cost). Subsequent runs will be faster.
  warnings.warn(
/Users/viniciustormin/02 Areas/UFG/Visão Computacional/LipNet-PyTorch-Transformer/.venv/lib/python3.13/site-packages/face_alignment/api.py:130: UserWarning: Compiling face alignment model (one-time cost). Subsequent runs will be faster.
  warnings.warn(
/Users/viniciustormin/02 Areas/UFG/Visão Computacional/LipNet-PyTorch-Transformer/.venv/lib/python3.13/site-packages/face_alignment/api.py:130: UserWarning: Compiling face alignment model (one-time cost). Subsequent runs will be faster.
  warnings.warn(
/Users/viniciustormin/02 Areas/UFG/Visão Computacional/LipNet-PyTorch-Transformer/.venv/lib/python3.13/site-packages/face_alignment/api.py:130: UserWarning: Compiling face alignment model (one-time cost). Subsequent runs will be faster.
  warnings.warn(
/Users/viniciustormin/02 Areas/UFG/Visão Computacional/LipNet-PyTorch-Transformer/.venv/lib/python3.13/site-packages/face_alignment/api.py:130: UserWarning: Compiling face alignment model (one-time cost). Subsequent runs will be faster.
  warnings.warn(
/Users/viniciustormin/02 Areas/UFG/Visão Computacional/LipNet-PyTorch-Transformer/.venv/lib/python3.13/site-packages/face_alignment/api.py:130: UserWarning: Compiling face alignment model (one-time cost). Subsequent runs will be faster.
  warnings.warn(
/Users/viniciustormin/02 Areas/UFG/Visão Computacional/LipNet-PyTorch-Transformer/.venv/lib/python3.13/site-packages/face_alignment/api.py:130: UserWarning: Compiling face alignment model (one-time cost). Subsequent runs will be faster.
  warnings.warn(
/Users/viniciustormin/02 Areas/UFG/Visão Computacional/LipNet-PyTorch-Transformer/.venv/lib/python3.13/site-packages/face_alignment/api.py:130: UserWarning: Compiling face alignment model (one-time cost). Subsequent runs will be faster.
  warnings.warn(
/Users/viniciustormin/02 Areas/UFG/Visão Computacional/LipNet-PyTorch-Transformer/.venv/lib/python3.13/site-packages/face_alignment/api.py:130: UserWarning: Compiling face alignment model (one-time cost). Subsequent runs will be faster.
  warnings.warn(
/Users/viniciustormin/02 Areas/UFG/Visão Computacional/LipNet-PyTorch-Transformer/.venv/lib/python3.13/site-packages/face_alignment/api.py:130: UserWarning: Compiling face alignment model (one-time cost). Subsequent runs will be faster.
  warnings.warn(
/Users/viniciustormin/02 Areas/UFG/Visão Computacional/LipNet-PyTorch-Transformer/.venv/lib/python3.13/site-packages/face_alignment/api.py:130: UserWarning: Compiling face alignment model (one-time cost). Subsequent runs will be faster.
  warnings.warn(
/Users/viniciustormin/02 Areas/UFG/Visão Computacional/LipNet-PyTorch-Transformer/.venv/lib/python3.13/site-packages/face_alignment/api.py:130: UserWarning: Compiling face alignment model (one-time cost). Subsequent runs will be faster.
  warnings.warn(
/Users/viniciustormin/02 Areas/UFG/Visão Computacional/LipNet-PyTorch-Transformer/.venv/lib/python3.13/site-packages/face_alignment/api.py:130: UserWarning: Compiling face alignment model (one-time cost). Subsequent runs will be faster.
  warnings.warn(
/Users/viniciustormin/02 Areas/UFG/Visão Computacional/LipNet-PyTorch-Transformer/.venv/lib/python3.13/site-packages/face_alignment/api.py:130: UserWarning: Compiling face alignment model (one-time cost). Subsequent runs will be faster.
  warnings.warn(
/Users/viniciustormin/02 Areas/UFG/Visão Computacional/LipNet-PyTorch-Transformer/.venv/lib/python3.13/site-packages/face_alignment/api.py:130: UserWarning: Compiling face alignment model (one-time cost). Subsequent runs will be faster.
  warnings.warn(
/Users/viniciustormin/02 Areas/UFG/Visão Computacional/LipNet-PyTorch-Transformer/.venv/lib/python3.13/site-packages/face_alignment/api.py:130: UserWarning: Compiling face alignment model (one-time cost). Subsequent runs will be faster.
  warnings.warn(
/Users/viniciustormin/02 Areas/UFG/Visão Computacional/LipNet-PyTorch-Transformer/.venv/lib/python3.13/site-packages/face_alignment/api.py:130: UserWarning: Compiling face alignment model (one-time cost). Subsequent runs will be faster.
  warnings.warn(
/Users/viniciustormin/02 Areas/UFG/Visão Computacional/LipNet-PyTorch-Transformer/.venv/lib/python3.13/site-packages/face_alignment/api.py:130: UserWarning: Compiling face alignment model (one-time cost). Subsequent runs will be faster.
  warnings.warn(
/Users/viniciustormin/02 Areas/UFG/Visão Computacional/LipNet-PyTorch-Transformer/.venv/lib/python3.13/site-packages/face_alignment/api.py:130: UserWarning: Compiling face alignment model (one-time cost). Subsequent runs will be faster.
  warnings.warn(
/Users/viniciustormin/02 Areas/UFG/Visão Computacional/LipNet-PyTorch-Transformer/.venv/lib/python3.13/site-packages/face_alignment/api.py:130: UserWarning: Compiling face alignment model (one-time cost). Subsequent runs will be faster.
  warnings.warn(
/Users/viniciustormin/02 Areas/UFG/Visão Computacional/LipNet-PyTorch-Transformer/.venv/lib/python3.13/site-packages/face_alignment/api.py:130: UserWarning: Compiling face alignment model (one-time cost). Subsequent runs will be faster.
  warnings.warn(
/Users/viniciustormin/02 Areas/UFG/Visão Computacional/LipNet-PyTorch-Transformer/.venv/lib/python3.13/site-packages/face_alignment/api.py:130: UserWarning: Compiling face alignment model (one-time cost). Subsequent runs will be faster.
  warnings.warn(
/Users/viniciustormin/02 Areas/UFG/Visão Computacional/LipNet-PyTorch-Transformer/.venv/lib/python3.13/site-packages/face_alignment/api.py:130: UserWarning: Compiling face alignment model (one-time cost). Subsequent runs will be faster.
  warnings.warn(
/Users/viniciustormin/02 Areas/UFG/Visão Computacional/LipNet-PyTorch-Transformer/.venv/lib/python3.13/site-packages/face_alignment/api.py:130: UserWarning: Compiling face alignment model (one-time cost). Subsequent runs will be faster.
  warnings.warn(
/Users/viniciustormin/02 Areas/UFG/Visão Computacional/LipNet-PyTorch-Transformer/.venv/lib/python3.13/site-packages/face_alignment/api.py:130: UserWarning: Compiling face alignment model (one-time cost). Subsequent runs will be faster.
  warnings.warn(
/Users/viniciustormin/02 Areas/UFG/Visão Computacional/LipNet-PyTorch-Transformer/.venv/lib/python3.13/site-packages/face_alignment/api.py:130: UserWarning: Compiling face alignment model (one-time cost). Subsequent runs will be faster.
  warnings.warn(
/Users/viniciustormin/02 Areas/UFG/Visão Computacional/LipNet-PyTorch-Transformer/.venv/lib/python3.13/site-packages/face_alignment/api.py:130: UserWarning: Compiling face alignment model (one-time cost). Subsequent runs will be faster.
  warnings.warn(
/Users/viniciustormin/02 Areas/UFG/Visão Computacional/LipNet-PyTorch-Transformer/.venv/lib/python3.13/site-packages/face_alignment/api.py:130: UserWarning: Compiling face alignment model (one-time cost). Subsequent runs will be faster.
  warnings.warn(
/Users/viniciustormin/02 Areas/UFG/Visão Computacional/LipNet-PyTorch-Transformer/.venv/lib/python3.13/site-packages/face_alignment/api.py:130: UserWarning: Compiling face alignment model (one-time cost). Subsequent runs will be faster.
  warnings.warn(
/Users/viniciustormin/02 Areas/UFG/Visão Computacional/LipNet-PyTorch-Transformer/.venv/lib/python3.13/site-packages/face_alignment/api.py:130: UserWarning: Compiling face alignment model (one-time cost). Subsequent runs will be faster.
  warnings.warn(
/Users/viniciustormin/02 Areas/UFG/Visão Computacional/LipNet-PyTorch-Transformer/.venv/lib/python3.13/site-packages/face_alignment/api.py:130: UserWarning: Compiling face alignment model (one-time cost). Subsequent runs will be faster.
  warnings.warn(
/Users/viniciustormin/02 Areas/UFG/Visão Computacional/LipNet-PyTorch-Transformer/.venv/lib/python3.13/site-packages/face_alignment/api.py:130: UserWarning: Compiling face alignment model (one-time cost). Subsequent runs will be faster.
  warnings.warn(
/Users/viniciustormin/02 Areas/UFG/Visão Computacional/LipNet-PyTorch-Transformer/.venv/lib/python3.13/site-packages/face_alignment/api.py:215: UserWarning: No faces were detected.
  warnings.warn("No faces were detected.")
/Users/viniciustormin/02 Areas/UFG/Visão Computacional/LipNet-PyTorch-Transformer/.venv/lib/python3.13/site-packages/face_alignment/api.py:130: UserWarning: Compiling face alignment model (one-time cost). Subsequent runs will be faster.
  warnings.warn(
/Users/viniciustormin/02 Areas/UFG/Visão Computacional/LipNet-PyTorch-Transformer/.venv/lib/python3.13/site-packages/face_alignment/api.py:130: UserWarning: Compiling face alignment model (one-time cost). Subsequent runs will be faster.
  warnings.warn(
/Users/viniciustormin/02 Areas/UFG/Visão Computacional/LipNet-PyTorch-Transformer/.venv/lib/python3.13/site-packages/face_alignment/api.py:130: UserWarning: Compiling face alignment model (one-time cost). Subsequent runs will be faster.
  warnings.warn(
/Users/viniciustormin/02 Areas/UFG/Visão Computacional/LipNet-PyTorch-Transformer/.venv/lib/python3.13/site-packages/face_alignment/api.py:130: UserWarning: Compiling face alignment model (one-time cost). Subsequent runs will be faster.
  warnings.warn(
/Users/viniciustormin/02 Areas/UFG/Visão Computacional/LipNet-PyTorch-Transformer/.venv/lib/python3.13/site-packages/face_alignment/api.py:215: UserWarning: No faces were detected.
  warnings.warn("No faces were detected.")
/Users/viniciustormin/02 Areas/UFG/Visão Computacional/LipNet-PyTorch-Transformer/.venv/lib/python3.13/site-packages/face_alignment/api.py:130: UserWarning: Compiling face alignment model (one-time cost). Subsequent runs will be faster.
  warnings.warn(
/Users/viniciustormin/02 Areas/UFG/Visão Computacional/LipNet-PyTorch-Transformer/.venv/lib/python3.13/site-packages/face_alignment/api.py:130: UserWarning: Compiling face alignment model (one-time cost). Subsequent runs will be faster.
  warnings.warn(
/Users/viniciustormin/02 Areas/UFG/Visão Computacional/LipNet-PyTorch-Transformer/.venv/lib/python3.13/site-packages/face_alignment/api.py:130: UserWarning: Compiling face alignment model (one-time cost). Subsequent runs will be faster.
  warnings.warn(
/Users/viniciustormin/02 Areas/UFG/Visão Computacional/LipNet-PyTorch-Transformer/.venv/lib/python3.13/site-packages/face_alignment/api.py:130: UserWarning: Compiling face alignment model (one-time cost). Subsequent runs will be faster.
  warnings.warn(
/Users/viniciustormin/02 Areas/UFG/Visão Computacional/LipNet-PyTorch-Transformer/.venv/lib/python3.13/site-packages/face_alignment/api.py:130: UserWarning: Compiling face alignment model (one-time cost). Subsequent runs will be faster.
  warnings.warn(
/Users/viniciustormin/02 Areas/UFG/Visão Computacional/LipNet-PyTorch-Transformer/.venv/lib/python3.13/site-packages/face_alignment/api.py:130: UserWarning: Compiling face alignment model (one-time cost). Subsequent runs will be faster.
  warnings.warn(
/Users/viniciustormin/02 Areas/UFG/Visão Computacional/LipNet-PyTorch-Transformer/.venv/lib/python3.13/site-packages/face_alignment/api.py:130: UserWarning: Compiling face alignment model (one-time cost). Subsequent runs will be faster.
  warnings.warn(
/Users/viniciustormin/02 Areas/UFG/Visão Computacional/LipNet-PyTorch-Transformer/.venv/lib/python3.13/site-packages/face_alignment/api.py:130: UserWarning: Compiling face alignment model (one-time cost). Subsequent runs will be faster.
  warnings.warn(
/Users/viniciustormin/02 Areas/UFG/Visão Computacional/LipNet-PyTorch-Transformer/.venv/lib/python3.13/site-packages/face_alignment/api.py:130: UserWarning: Compiling face alignment model (one-time cost). Subsequent runs will be faster.
  warnings.warn(
/Users/viniciustormin/02 Areas/UFG/Visão Computacional/LipNet-PyTorch-Transformer/.venv/lib/python3.13/site-packages/face_alignment/api.py:130: UserWarning: Compiling face alignment model (one-time cost). Subsequent runs will be faster.
  warnings.warn(
/Users/viniciustormin/02 Areas/UFG/Visão Computacional/LipNet-PyTorch-Transformer/.venv/lib/python3.13/site-packages/face_alignment/api.py:130: UserWarning: Compiling face alignment model (one-time cost). Subsequent runs will be faster.
  warnings.warn(
/Users/viniciustormin/02 Areas/UFG/Visão Computacional/LipNet-PyTorch-Transformer/.venv/lib/python3.13/site-packages/face_alignment/api.py:130: UserWarning: Compiling face alignment model (one-time cost). Subsequent runs will be faster.
  warnings.warn(
/Users/viniciustormin/02 Areas/UFG/Visão Computacional/LipNet-PyTorch-Transformer/.venv/lib/python3.13/site-packages/face_alignment/api.py:130: UserWarning: Compiling face alignment model (one-time cost). Subsequent runs will be faster.
  warnings.warn(
/Users/viniciustormin/02 Areas/UFG/Visão Computacional/LipNet-PyTorch-Transformer/.venv/lib/python3.13/site-packages/face_alignment/api.py:130: UserWarning: Compiling face alignment model (one-time cost). Subsequent runs will be faster.
  warnings.warn(
/Users/viniciustormin/02 Areas/UFG/Visão Computacional/LipNet-PyTorch-Transformer/.venv/lib/python3.13/site-packages/face_alignment/api.py:130: UserWarning: Compiling face alignment model (one-time cost). Subsequent runs will be faster.
  warnings.warn(
/Users/viniciustormin/02 Areas/UFG/Visão Computacional/LipNet-PyTorch-Transformer/.venv/lib/python3.13/site-packages/face_alignment/api.py:130: UserWarning: Compiling face alignment model (one-time cost). Subsequent runs will be faster.
  warnings.warn(
/Users/viniciustormin/02 Areas/UFG/Visão Computacional/LipNet-PyTorch-Transformer/.venv/lib/python3.13/site-packages/face_alignment/api.py:130: UserWarning: Compiling face alignment model (one-time cost). Subsequent runs will be faster.
  warnings.warn(
/Users/viniciustormin/02 Areas/UFG/Visão Computacional/LipNet-PyTorch-Transformer/.venv/lib/python3.13/site-packages/face_alignment/api.py:130: UserWarning: Compiling face alignment model (one-time cost). Subsequent runs will be faster.
  warnings.warn(
/Users/viniciustormin/02 Areas/UFG/Visão Computacional/LipNet-PyTorch-Transformer/.venv/lib/python3.13/site-packages/face_alignment/api.py:130: UserWarning: Compiling face alignment model (one-time cost). Subsequent runs will be faster.
  warnings.warn(
/Users/viniciustormin/02 Areas/UFG/Visão Computacional/LipNet-PyTorch-Transformer/.venv/lib/python3.13/site-packages/face_alignment/api.py:130: UserWarning: Compiling face alignment model (one-time cost). Subsequent runs will be faster.
  warnings.warn(
/Users/viniciustormin/02 Areas/UFG/Visão Computacional/LipNet-PyTorch-Transformer/.venv/lib/python3.13/site-packages/face_alignment/api.py:130: UserWarning: Compiling face alignment model (one-time cost). Subsequent runs will be faster.
  warnings.warn(
/Users/viniciustormin/02 Areas/UFG/Visão Computacional/LipNet-PyTorch-Transformer/.venv/lib/python3.13/site-packages/face_alignment/api.py:130: UserWarning: Compiling face alignment model (one-time cost). Subsequent runs will be faster.
  warnings.warn(
/Users/viniciustormin/02 Areas/UFG/Visão Computacional/LipNet-PyTorch-Transformer/.venv/lib/python3.13/site-packages/face_alignment/api.py:130: UserWarning: Compiling face alignment model (one-time cost). Subsequent runs will be faster.
  warnings.warn(
/Users/viniciustormin/02 Areas/UFG/Visão Computacional/LipNet-PyTorch-Transformer/.venv/lib/python3.13/site-packages/face_alignment/api.py:130: UserWarning: Compiling face alignment model (one-time cost). Subsequent runs will be faster.
  warnings.warn(
/Users/viniciustormin/02 Areas/UFG/Visão Computacional/LipNet-PyTorch-Transformer/.venv/lib/python3.13/site-packages/face_alignment/api.py:130: UserWarning: Compiling face alignment model (one-time cost). Subsequent runs will be faster.
  warnings.warn(
/Users/viniciustormin/02 Areas/UFG/Visão Computacional/LipNet-PyTorch-Transformer/.venv/lib/python3.13/site-packages/face_alignment/api.py:130: UserWarning: Compiling face alignment model (one-time cost). Subsequent runs will be faster.
  warnings.warn(
/Users/viniciustormin/02 Areas/UFG/Visão Computacional/LipNet-PyTorch-Transformer/.venv/lib/python3.13/site-packages/face_alignment/api.py:130: UserWarning: Compiling face alignment model (one-time cost). Subsequent runs will be faster.
  warnings.warn(
/Users/viniciustormin/02 Areas/UFG/Visão Computacional/LipNet-PyTorch-Transformer/.venv/lib/python3.13/site-packages/face_alignment/api.py:130: UserWarning: Compiling face alignment model (one-time cost). Subsequent runs will be faster.
  warnings.warn(
/Users/viniciustormin/02 Areas/UFG/Visão Computacional/LipNet-PyTorch-Transformer/.venv/lib/python3.13/site-packages/face_alignment/api.py:130: UserWarning: Compiling face alignment model (one-time cost). Subsequent runs will be faster.
  warnings.warn(
/Users/viniciustormin/02 Areas/UFG/Visão Computacional/LipNet-PyTorch-Transformer/.venv/lib/python3.13/site-packages/face_alignment/api.py:130: UserWarning: Compiling face alignment model (one-time cost). Subsequent runs will be faster.
  warnings.warn(
/Users/viniciustormin/02 Areas/UFG/Visão Computacional/LipNet-PyTorch-Transformer/.venv/lib/python3.13/site-packages/face_alignment/api.py:130: UserWarning: Compiling face alignment model (one-time cost). Subsequent runs will be faster.
  warnings.warn(
/Users/viniciustormin/02 Areas/UFG/Visão Computacional/LipNet-PyTorch-Transformer/.venv/lib/python3.13/site-packages/face_alignment/api.py:130: UserWarning: Compiling face alignment model (one-time cost). Subsequent runs will be faster.
  warnings.warn(
/Users/viniciustormin/02 Areas/UFG/Visão Computacional/LipNet-PyTorch-Transformer/.venv/lib/python3.13/site-packages/face_alignment/api.py:130: UserWarning: Compiling face alignment model (one-time cost). Subsequent runs will be faster.
  warnings.warn(
/Users/viniciustormin/02 Areas/UFG/Visão Computacional/LipNet-PyTorch-Transformer/.venv/lib/python3.13/site-packages/face_alignment/api.py:130: UserWarning: Compiling face alignment model (one-time cost). Subsequent runs will be faster.
  warnings.warn(
/Users/viniciustormin/02 Areas/UFG/Visão Computacional/LipNet-PyTorch-Transformer/.venv/lib/python3.13/site-packages/face_alignment/api.py:130: UserWarning: Compiling face alignment model (one-time cost). Subsequent runs will be faster.
  warnings.warn(
/Users/viniciustormin/02 Areas/UFG/Visão Computacional/LipNet-PyTorch-Transformer/.venv/lib/python3.13/site-packages/face_alignment/api.py:130: UserWarning: Compiling face alignment model (one-time cost). Subsequent runs will be faster.
  warnings.warn(
/Users/viniciustormin/02 Areas/UFG/Visão Computacional/LipNet-PyTorch-Transformer/.venv/lib/python3.13/site-packages/face_alignment/api.py:130: UserWarning: Compiling face alignment model (one-time cost). Subsequent runs will be faster.
  warnings.warn(
/Users/viniciustormin/02 Areas/UFG/Visão Computacional/LipNet-PyTorch-Transformer/.venv/lib/python3.13/site-packages/face_alignment/api.py:130: UserWarning: Compiling face alignment model (one-time cost). Subsequent runs will be faster.
  warnings.warn(
/Users/viniciustormin/02 Areas/UFG/Visão Computacional/LipNet-PyTorch-Transformer/.venv/lib/python3.13/site-packages/face_alignment/api.py:130: UserWarning: Compiling face alignment model (one-time cost). Subsequent runs will be faster.
  warnings.warn(
/Users/viniciustormin/02 Areas/UFG/Visão Computacional/LipNet-PyTorch-Transformer/.venv/lib/python3.13/site-packages/face_alignment/api.py:130: UserWarning: Compiling face alignment model (one-time cost). Subsequent runs will be faster.
  warnings.warn(
/Users/viniciustormin/02 Areas/UFG/Visão Computacional/LipNet-PyTorch-Transformer/.venv/lib/python3.13/site-packages/face_alignment/api.py:130: UserWarning: Compiling face alignment model (one-time cost). Subsequent runs will be faster.
  warnings.warn(
/Users/viniciustormin/02 Areas/UFG/Visão Computacional/LipNet-PyTorch-Transformer/.venv/lib/python3.13/site-packages/face_alignment/api.py:130: UserWarning: Compiling face alignment model (one-time cost). Subsequent runs will be faster.
  warnings.warn(
/Users/viniciustormin/02 Areas/UFG/Visão Computacional/LipNet-PyTorch-Transformer/.venv/lib/python3.13/site-packages/face_alignment/api.py:130: UserWarning: Compiling face alignment model (one-time cost). Subsequent runs will be faster.
  warnings.warn(
/Users/viniciustormin/02 Areas/UFG/Visão Computacional/LipNet-PyTorch-Transformer/.venv/lib/python3.13/site-packages/face_alignment/api.py:130: UserWarning: Compiling face alignment model (one-time cost). Subsequent runs will be faster.
  warnings.warn(
/Users/viniciustormin/02 Areas/UFG/Visão Computacional/LipNet-PyTorch-Transformer/.venv/lib/python3.13/site-packages/face_alignment/api.py:130: UserWarning: Compiling face alignment model (one-time cost). Subsequent runs will be faster.
  warnings.warn(
/Users/viniciustormin/02 Areas/UFG/Visão Computacional/LipNet-PyTorch-Transformer/.venv/lib/python3.13/site-packages/face_alignment/api.py:130: UserWarning: Compiling face alignment model (one-time cost). Subsequent runs will be faster.
  warnings.warn(
/Users/viniciustormin/02 Areas/UFG/Visão Computacional/LipNet-PyTorch-Transformer/.venv/lib/python3.13/site-packages/face_alignment/api.py:130: UserWarning: Compiling face alignment model (one-time cost). Subsequent runs will be faster.
  warnings.warn(
/Users/viniciustormin/02 Areas/UFG/Visão Computacional/LipNet-PyTorch-Transformer/.venv/lib/python3.13/site-packages/face_alignment/api.py:130: UserWarning: Compiling face alignment model (one-time cost). Subsequent runs will be faster.
  warnings.warn(
/Users/viniciustormin/02 Areas/UFG/Visão Computacional/LipNet-PyTorch-Transformer/.venv/lib/python3.13/site-packages/face_alignment/api.py:130: UserWarning: Compiling face alignment model (one-time cost). Subsequent runs will be faster.
  warnings.warn(
/Users/viniciustormin/02 Areas/UFG/Visão Computacional/LipNet-PyTorch-Transformer/.venv/lib/python3.13/site-packages/face_alignment/api.py:130: UserWarning: Compiling face alignment model (one-time cost). Subsequent runs will be faster.
  warnings.warn(
/Users/viniciustormin/02 Areas/UFG/Visão Computacional/LipNet-PyTorch-Transformer/.venv/lib/python3.13/site-packages/face_alignment/api.py:130: UserWarning: Compiling face alignment model (one-time cost). Subsequent runs will be faster.
  warnings.warn(
/Users/viniciustormin/02 Areas/UFG/Visão Computacional/LipNet-PyTorch-Transformer/.venv/lib/python3.13/site-packages/face_alignment/api.py:130: UserWarning: Compiling face alignment model (one-time cost). Subsequent runs will be faster.
  warnings.warn(
/Users/viniciustormin/02 Areas/UFG/Visão Computacional/LipNet-PyTorch-Transformer/.venv/lib/python3.13/site-packages/face_alignment/api.py:130: UserWarning: Compiling face alignment model (one-time cost). Subsequent runs will be faster.
  warnings.warn(
/Users/viniciustormin/02 Areas/UFG/Visão Computacional/LipNet-PyTorch-Transformer/.venv/lib/python3.13/site-packages/face_alignment/api.py:130: UserWarning: Compiling face alignment model (one-time cost). Subsequent runs will be faster.
  warnings.warn(
/Users/viniciustormin/02 Areas/UFG/Visão Computacional/LipNet-PyTorch-Transformer/.venv/lib/python3.13/site-packages/face_alignment/api.py:130: UserWarning: Compiling face alignment model (one-time cost). Subsequent runs will be faster.
  warnings.warn(
/Users/viniciustormin/02 Areas/UFG/Visão Computacional/LipNet-PyTorch-Transformer/.venv/lib/python3.13/site-packages/face_alignment/api.py:130: UserWarning: Compiling face alignment model (one-time cost). Subsequent runs will be faster.
  warnings.warn(
/Users/viniciustormin/02 Areas/UFG/Visão Computacional/LipNet-PyTorch-Transformer/.venv/lib/python3.13/site-packages/face_alignment/api.py:130: UserWarning: Compiling face alignment model (one-time cost). Subsequent runs will be faster.
  warnings.warn(
/Users/viniciustormin/02 Areas/UFG/Visão Computacional/LipNet-PyTorch-Transformer/.venv/lib/python3.13/site-packages/face_alignment/api.py:130: UserWarning: Compiling face alignment model (one-time cost). Subsequent runs will be faster.
  warnings.warn(
/Users/viniciustormin/02 Areas/UFG/Visão Computacional/LipNet-PyTorch-Transformer/.venv/lib/python3.13/site-packages/face_alignment/api.py:130: UserWarning: Compiling face alignment model (one-time cost). Subsequent runs will be faster.
  warnings.warn(
/Users/viniciustormin/02 Areas/UFG/Visão Computacional/LipNet-PyTorch-Transformer/.venv/lib/python3.13/site-packages/face_alignment/api.py:130: UserWarning: Compiling face alignment model (one-time cost). Subsequent runs will be faster.
  warnings.warn(
/Users/viniciustormin/02 Areas/UFG/Visão Computacional/LipNet-PyTorch-Transformer/.venv/lib/python3.13/site-packages/face_alignment/api.py:130: UserWarning: Compiling face alignment model (one-time cost). Subsequent runs will be faster.
  warnings.warn(
/Users/viniciustormin/02 Areas/UFG/Visão Computacional/LipNet-PyTorch-Transformer/.venv/lib/python3.13/site-packages/face_alignment/api.py:130: UserWarning: Compiling face alignment model (one-time cost). Subsequent runs will be faster.
  warnings.warn(
/Users/viniciustormin/02 Areas/UFG/Visão Computacional/LipNet-PyTorch-Transformer/.venv/lib/python3.13/site-packages/face_alignment/api.py:130: UserWarning: Compiling face alignment model (one-time cost). Subsequent runs will be faster.
  warnings.warn(
/Users/viniciustormin/02 Areas/UFG/Visão Computacional/LipNet-PyTorch-Transformer/.venv/lib/python3.13/site-packages/face_alignment/api.py:130: UserWarning: Compiling face alignment model (one-time cost). Subsequent runs will be faster.
  warnings.warn(
/Users/viniciustormin/02 Areas/UFG/Visão Computacional/LipNet-PyTorch-Transformer/.venv/lib/python3.13/site-packages/face_alignment/api.py:130: UserWarning: Compiling face alignment model (one-time cost). Subsequent runs will be faster.
  warnings.warn(
/Users/viniciustormin/02 Areas/UFG/Visão Computacional/LipNet-PyTorch-Transformer/.venv/lib/python3.13/site-packages/face_alignment/api.py:130: UserWarning: Compiling face alignment model (one-time cost). Subsequent runs will be faster.
  warnings.warn(
/Users/viniciustormin/02 Areas/UFG/Visão Computacional/LipNet-PyTorch-Transformer/.venv/lib/python3.13/site-packages/face_alignment/api.py:130: UserWarning: Compiling face alignment model (one-time cost). Subsequent runs will be faster.
  warnings.warn(
/Users/viniciustormin/02 Areas/UFG/Visão Computacional/LipNet-PyTorch-Transformer/.venv/lib/python3.13/site-packages/face_alignment/api.py:130: UserWarning: Compiling face alignment model (one-time cost). Subsequent runs will be faster.
  warnings.warn(
/Users/viniciustormin/02 Areas/UFG/Visão Computacional/LipNet-PyTorch-Transformer/.venv/lib/python3.13/site-packages/face_alignment/api.py:130: UserWarning: Compiling face alignment model (one-time cost). Subsequent runs will be faster.
  warnings.warn(
/Users/viniciustormin/02 Areas/UFG/Visão Computacional/LipNet-PyTorch-Transformer/.venv/lib/python3.13/site-packages/face_alignment/api.py:215: UserWarning: No faces were detected.
  warnings.warn("No faces were detected.")
/Users/viniciustormin/02 Areas/UFG/Visão Computacional/LipNet-PyTorch-Transformer/.venv/lib/python3.13/site-packages/face_alignment/api.py:130: UserWarning: Compiling face alignment model (one-time cost). Subsequent runs will be faster.
  warnings.warn(
/Users/viniciustormin/02 Areas/UFG/Visão Computacional/LipNet-PyTorch-Transformer/.venv/lib/python3.13/site-packages/face_alignment/api.py:130: UserWarning: Compiling face alignment model (one-time cost). Subsequent runs will be faster.
  warnings.warn(
/Users/viniciustormin/02 Areas/UFG/Visão Computacional/LipNet-PyTorch-Transformer/.venv/lib/python3.13/site-packages/face_alignment/api.py:130: UserWarning: Compiling face alignment model (one-time cost). Subsequent runs will be faster.
  warnings.warn(
/Users/viniciustormin/02 Areas/UFG/Visão Computacional/LipNet-PyTorch-Transformer/.venv/lib/python3.13/site-packages/face_alignment/api.py:130: UserWarning: Compiling face alignment model (one-time cost). Subsequent runs will be faster.
  warnings.warn(
/Users/viniciustormin/02 Areas/UFG/Visão Computacional/LipNet-PyTorch-Transformer/.venv/lib/python3.13/site-packages/face_alignment/api.py:130: UserWarning: Compiling face alignment model (one-time cost). Subsequent runs will be faster.
  warnings.warn(
/Users/viniciustormin/02 Areas/UFG/Visão Computacional/LipNet-PyTorch-Transformer/.venv/lib/python3.13/site-packages/face_alignment/api.py:130: UserWarning: Compiling face alignment model (one-time cost). Subsequent runs will be faster.
  warnings.warn(
/Users/viniciustormin/02 Areas/UFG/Visão Computacional/LipNet-PyTorch-Transformer/.venv/lib/python3.13/site-packages/face_alignment/api.py:130: UserWarning: Compiling face alignment model (one-time cost). Subsequent runs will be faster.
  warnings.warn(
/Users/viniciustormin/02 Areas/UFG/Visão Computacional/LipNet-PyTorch-Transformer/.venv/lib/python3.13/site-packages/face_alignment/api.py:130: UserWarning: Compiling face alignment model (one-time cost). Subsequent runs will be faster.
  warnings.warn(
/Users/viniciustormin/02 Areas/UFG/Visão Computacional/LipNet-PyTorch-Transformer/.venv/lib/python3.13/site-packages/face_alignment/api.py:130: UserWarning: Compiling face alignment model (one-time cost). Subsequent runs will be faster.
  warnings.warn(
/Users/viniciustormin/02 Areas/UFG/Visão Computacional/LipNet-PyTorch-Transformer/.venv/lib/python3.13/site-packages/face_alignment/api.py:130: UserWarning: Compiling face alignment model (one-time cost). Subsequent runs will be faster.
  warnings.warn(
/Users/viniciustormin/02 Areas/UFG/Visão Computacional/LipNet-PyTorch-Transformer/.venv/lib/python3.13/site-packages/face_alignment/api.py:130: UserWarning: Compiling face alignment model (one-time cost). Subsequent runs will be faster.
  warnings.warn(
/Users/viniciustormin/02 Areas/UFG/Visão Computacional/LipNet-PyTorch-Transformer/.venv/lib/python3.13/site-packages/face_alignment/api.py:130: UserWarning: Compiling face alignment model (one-time cost). Subsequent runs will be faster.
  warnings.warn(
/Users/viniciustormin/02 Areas/UFG/Visão Computacional/LipNet-PyTorch-Transformer/.venv/lib/python3.13/site-packages/face_alignment/api.py:130: UserWarning: Compiling face alignment model (one-time cost). Subsequent runs will be faster.
  warnings.warn(
/Users/viniciustormin/02 Areas/UFG/Visão Computacional/LipNet-PyTorch-Transformer/.venv/lib/python3.13/site-packages/face_alignment/api.py:130: UserWarning: Compiling face alignment model (one-time cost). Subsequent runs will be faster.
  warnings.warn(
/Users/viniciustormin/02 Areas/UFG/Visão Computacional/LipNet-PyTorch-Transformer/.venv/lib/python3.13/site-packages/face_alignment/api.py:130: UserWarning: Compiling face alignment model (one-time cost). Subsequent runs will be faster.
  warnings.warn(
/Users/viniciustormin/02 Areas/UFG/Visão Computacional/LipNet-PyTorch-Transformer/.venv/lib/python3.13/site-packages/face_alignment/api.py:130: UserWarning: Compiling face alignment model (one-time cost). Subsequent runs will be faster.
  warnings.warn(
/Users/viniciustormin/02 Areas/UFG/Visão Computacional/LipNet-PyTorch-Transformer/.venv/lib/python3.13/site-packages/face_alignment/api.py:130: UserWarning: Compiling face alignment model (one-time cost). Subsequent runs will be faster.
  warnings.warn(
/Users/viniciustormin/02 Areas/UFG/Visão Computacional/LipNet-PyTorch-Transformer/.venv/lib/python3.13/site-packages/face_alignment/api.py:130: UserWarning: Compiling face alignment model (one-time cost). Subsequent runs will be faster.
  warnings.warn(
/Users/viniciustormin/02 Areas/UFG/Visão Computacional/LipNet-PyTorch-Transformer/.venv/lib/python3.13/site-packages/face_alignment/api.py:130: UserWarning: Compiling face alignment model (one-time cost). Subsequent runs will be faster.
  warnings.warn(
/Users/viniciustormin/02 Areas/UFG/Visão Computacional/LipNet-PyTorch-Transformer/.venv/lib/python3.13/site-packages/face_alignment/api.py:130: UserWarning: Compiling face alignment model (one-time cost). Subsequent runs will be faster.
  warnings.warn(
/Users/viniciustormin/02 Areas/UFG/Visão Computacional/LipNet-PyTorch-Transformer/.venv/lib/python3.13/site-packages/face_alignment/api.py:130: UserWarning: Compiling face alignment model (one-time cost). Subsequent runs will be faster.
  warnings.warn(
/Users/viniciustormin/02 Areas/UFG/Visão Computacional/LipNet-PyTorch-Transformer/.venv/lib/python3.13/site-packages/face_alignment/api.py:130: UserWarning: Compiling face alignment model (one-time cost). Subsequent runs will be faster.
  warnings.warn(
/Users/viniciustormin/02 Areas/UFG/Visão Computacional/LipNet-PyTorch-Transformer/.venv/lib/python3.13/site-packages/face_alignment/api.py:130: UserWarning: Compiling face alignment model (one-time cost). Subsequent runs will be faster.
  warnings.warn(
/Users/viniciustormin/02 Areas/UFG/Visão Computacional/LipNet-PyTorch-Transformer/.venv/lib/python3.13/site-packages/face_alignment/api.py:130: UserWarning: Compiling face alignment model (one-time cost). Subsequent runs will be faster.
  warnings.warn(
/Users/viniciustormin/02 Areas/UFG/Visão Computacional/LipNet-PyTorch-Transformer/.venv/lib/python3.13/site-packages/face_alignment/api.py:130: UserWarning: Compiling face alignment model (one-time cost). Subsequent runs will be faster.
  warnings.warn(
/Users/viniciustormin/02 Areas/UFG/Visão Computacional/LipNet-PyTorch-Transformer/.venv/lib/python3.13/site-packages/face_alignment/api.py:130: UserWarning: Compiling face alignment model (one-time cost). Subsequent runs will be faster.
  warnings.warn(
/Users/viniciustormin/02 Areas/UFG/Visão Computacional/LipNet-PyTorch-Transformer/.venv/lib/python3.13/site-packages/face_alignment/api.py:130: UserWarning: Compiling face alignment model (one-time cost). Subsequent runs will be faster.
  warnings.warn(
/Users/viniciustormin/02 Areas/UFG/Visão Computacional/LipNet-PyTorch-Transformer/.venv/lib/python3.13/site-packages/face_alignment/api.py:130: UserWarning: Compiling face alignment model (one-time cost). Subsequent runs will be faster.
  warnings.warn(
/Users/viniciustormin/02 Areas/UFG/Visão Computacional/LipNet-PyTorch-Transformer/.venv/lib/python3.13/site-packages/face_alignment/api.py:130: UserWarning: Compiling face alignment model (one-time cost). Subsequent runs will be faster.
  warnings.warn(
/Users/viniciustormin/02 Areas/UFG/Visão Computacional/LipNet-PyTorch-Transformer/.venv/lib/python3.13/site-packages/face_alignment/api.py:130: UserWarning: Compiling face alignment model (one-time cost). Subsequent runs will be faster.
  warnings.warn(
/Users/viniciustormin/02 Areas/UFG/Visão Computacional/LipNet-PyTorch-Transformer/.venv/lib/python3.13/site-packages/face_alignment/api.py:130: UserWarning: Compiling face alignment model (one-time cost). Subsequent runs will be faster.
  warnings.warn(
/Users/viniciustormin/02 Areas/UFG/Visão Computacional/LipNet-PyTorch-Transformer/.venv/lib/python3.13/site-packages/face_alignment/api.py:130: UserWarning: Compiling face alignment model (one-time cost). Subsequent runs will be faster.
  warnings.warn(
/Users/viniciustormin/02 Areas/UFG/Visão Computacional/LipNet-PyTorch-Transformer/.venv/lib/python3.13/site-packages/face_alignment/api.py:130: UserWarning: Compiling face alignment model (one-time cost). Subsequent runs will be faster.
  warnings.warn(
/Users/viniciustormin/02 Areas/UFG/Visão Computacional/LipNet-PyTorch-Transformer/.venv/lib/python3.13/site-packages/face_alignment/api.py:130: UserWarning: Compiling face alignment model (one-time cost). Subsequent runs will be faster.
  warnings.warn(
/Users/viniciustormin/02 Areas/UFG/Visão Computacional/LipNet-PyTorch-Transformer/.venv/lib/python3.13/site-packages/face_alignment/api.py:130: UserWarning: Compiling face alignment model (one-time cost). Subsequent runs will be faster.
  warnings.warn(
/Users/viniciustormin/02 Areas/UFG/Visão Computacional/LipNet-PyTorch-Transformer/.venv/lib/python3.13/site-packages/face_alignment/api.py:130: UserWarning: Compiling face alignment model (one-time cost). Subsequent runs will be faster.
  warnings.warn(
/Users/viniciustormin/02 Areas/UFG/Visão Computacional/LipNet-PyTorch-Transformer/.venv/lib/python3.13/site-packages/face_alignment/api.py:130: UserWarning: Compiling face alignment model (one-time cost). Subsequent runs will be faster.
  warnings.warn(
/Users/viniciustormin/02 Areas/UFG/Visão Computacional/LipNet-PyTorch-Transformer/.venv/lib/python3.13/site-packages/face_alignment/api.py:130: UserWarning: Compiling face alignment model (one-time cost). Subsequent runs will be faster.
  warnings.warn(
/Users/viniciustormin/02 Areas/UFG/Visão Computacional/LipNet-PyTorch-Transformer/.venv/lib/python3.13/site-packages/face_alignment/api.py:130: UserWarning: Compiling face alignment model (one-time cost). Subsequent runs will be faster.
  warnings.warn(
/Users/viniciustormin/02 Areas/UFG/Visão Computacional/LipNet-PyTorch-Transformer/.venv/lib/python3.13/site-packages/face_alignment/api.py:130: UserWarning: Compiling face alignment model (one-time cost). Subsequent runs will be faster.
  warnings.warn(
/Users/viniciustormin/02 Areas/UFG/Visão Computacional/LipNet-PyTorch-Transformer/.venv/lib/python3.13/site-packages/face_alignment/api.py:130: UserWarning: Compiling face alignment model (one-time cost). Subsequent runs will be faster.
  warnings.warn(
/Users/viniciustormin/02 Areas/UFG/Visão Computacional/LipNet-PyTorch-Transformer/.venv/lib/python3.13/site-packages/face_alignment/api.py:130: UserWarning: Compiling face alignment model (one-time cost). Subsequent runs will be faster.
  warnings.warn(
/Users/viniciustormin/02 Areas/UFG/Visão Computacional/LipNet-PyTorch-Transformer/.venv/lib/python3.13/site-packages/face_alignment/api.py:130: UserWarning: Compiling face alignment model (one-time cost). Subsequent runs will be faster.
  warnings.warn(
/Users/viniciustormin/02 Areas/UFG/Visão Computacional/LipNet-PyTorch-Transformer/.venv/lib/python3.13/site-packages/face_alignment/api.py:130: UserWarning: Compiling face alignment model (one-time cost). Subsequent runs will be faster.
  warnings.warn(
/Users/viniciustormin/02 Areas/UFG/Visão Computacional/LipNet-PyTorch-Transformer/.venv/lib/python3.13/site-packages/face_alignment/api.py:130: UserWarning: Compiling face alignment model (one-time cost). Subsequent runs will be faster.
  warnings.warn(
/Users/viniciustormin/02 Areas/UFG/Visão Computacional/LipNet-PyTorch-Transformer/.venv/lib/python3.13/site-packages/face_alignment/api.py:130: UserWarning: Compiling face alignment model (one-time cost). Subsequent runs will be faster.
  warnings.warn(
/Users/viniciustormin/02 Areas/UFG/Visão Computacional/LipNet-PyTorch-Transformer/.venv/lib/python3.13/site-packages/face_alignment/api.py:130: UserWarning: Compiling face alignment model (one-time cost). Subsequent runs will be faster.
  warnings.warn(
/Users/viniciustormin/02 Areas/UFG/Visão Computacional/LipNet-PyTorch-Transformer/.venv/lib/python3.13/site-packages/face_alignment/api.py:130: UserWarning: Compiling face alignment model (one-time cost). Subsequent runs will be faster.
  warnings.warn(
/Users/viniciustormin/02 Areas/UFG/Visão Computacional/LipNet-PyTorch-Transformer/.venv/lib/python3.13/site-packages/face_alignment/api.py:130: UserWarning: Compiling face alignment model (one-time cost). Subsequent runs will be faster.
  warnings.warn(
/Users/viniciustormin/02 Areas/UFG/Visão Computacional/LipNet-PyTorch-Transformer/.venv/lib/python3.13/site-packages/face_alignment/api.py:130: UserWarning: Compiling face alignment model (one-time cost). Subsequent runs will be faster.
  warnings.warn(
/Users/viniciustormin/02 Areas/UFG/Visão Computacional/LipNet-PyTorch-Transformer/.venv/lib/python3.13/site-packages/face_alignment/api.py:130: UserWarning: Compiling face alignment model (one-time cost). Subsequent runs will be faster.
  warnings.warn(
/Users/viniciustormin/02 Areas/UFG/Visão Computacional/LipNet-PyTorch-Transformer/.venv/lib/python3.13/site-packages/face_alignment/api.py:130: UserWarning: Compiling face alignment model (one-time cost). Subsequent runs will be faster.
  warnings.warn(
/Users/viniciustormin/02 Areas/UFG/Visão Computacional/LipNet-PyTorch-Transformer/.venv/lib/python3.13/site-packages/face_alignment/api.py:130: UserWarning: Compiling face alignment model (one-time cost). Subsequent runs will be faster.
  warnings.warn(
/Users/viniciustormin/02 Areas/UFG/Visão Computacional/LipNet-PyTorch-Transformer/.venv/lib/python3.13/site-packages/face_alignment/api.py:130: UserWarning: Compiling face alignment model (one-time cost). Subsequent runs will be faster.
  warnings.warn(
/Users/viniciustormin/02 Areas/UFG/Visão Computacional/LipNet-PyTorch-Transformer/.venv/lib/python3.13/site-packages/face_alignment/api.py:130: UserWarning: Compiling face alignment model (one-time cost). Subsequent runs will be faster.
  warnings.warn(
/Users/viniciustormin/02 Areas/UFG/Visão Computacional/LipNet-PyTorch-Transformer/.venv/lib/python3.13/site-packages/face_alignment/api.py:130: UserWarning: Compiling face alignment model (one-time cost). Subsequent runs will be faster.
  warnings.warn(
/Users/viniciustormin/02 Areas/UFG/Visão Computacional/LipNet-PyTorch-Transformer/.venv/lib/python3.13/site-packages/face_alignment/api.py:130: UserWarning: Compiling face alignment model (one-time cost). Subsequent runs will be faster.
  warnings.warn(
/Users/viniciustormin/02 Areas/UFG/Visão Computacional/LipNet-PyTorch-Transformer/.venv/lib/python3.13/site-packages/face_alignment/api.py:130: UserWarning: Compiling face alignment model (one-time cost). Subsequent runs will be faster.
  warnings.warn(
/Users/viniciustormin/02 Areas/UFG/Visão Computacional/LipNet-PyTorch-Transformer/.venv/lib/python3.13/site-packages/face_alignment/api.py:130: UserWarning: Compiling face alignment model (one-time cost). Subsequent runs will be faster.
  warnings.warn(
/Users/viniciustormin/02 Areas/UFG/Visão Computacional/LipNet-PyTorch-Transformer/.venv/lib/python3.13/site-packages/face_alignment/api.py:130: UserWarning: Compiling face alignment model (one-time cost). Subsequent runs will be faster.
  warnings.warn(
/Users/viniciustormin/02 Areas/UFG/Visão Computacional/LipNet-PyTorch-Transformer/.venv/lib/python3.13/site-packages/face_alignment/api.py:130: UserWarning: Compiling face alignment model (one-time cost). Subsequent runs will be faster.
  warnings.warn(
/Users/viniciustormin/02 Areas/UFG/Visão Computacional/LipNet-PyTorch-Transformer/.venv/lib/python3.13/site-packages/face_alignment/api.py:130: UserWarning: Compiling face alignment model (one-time cost). Subsequent runs will be faster.
  warnings.warn(
/Users/viniciustormin/02 Areas/UFG/Visão Computacional/LipNet-PyTorch-Transformer/.venv/lib/python3.13/site-packages/face_alignment/api.py:130: UserWarning: Compiling face alignment model (one-time cost). Subsequent runs will be faster.
  warnings.warn(
/Users/viniciustormin/02 Areas/UFG/Visão Computacional/LipNet-PyTorch-Transformer/.venv/lib/python3.13/site-packages/face_alignment/api.py:130: UserWarning: Compiling face alignment model (one-time cost). Subsequent runs will be faster.
  warnings.warn(
/Users/viniciustormin/02 Areas/UFG/Visão Computacional/LipNet-PyTorch-Transformer/.venv/lib/python3.13/site-packages/face_alignment/api.py:130: UserWarning: Compiling face alignment model (one-time cost). Subsequent runs will be faster.
  warnings.warn(
/Users/viniciustormin/02 Areas/UFG/Visão Computacional/LipNet-PyTorch-Transformer/.venv/lib/python3.13/site-packages/face_alignment/api.py:130: UserWarning: Compiling face alignment model (one-time cost). Subsequent runs will be faster.
  warnings.warn(
/Users/viniciustormin/02 Areas/UFG/Visão Computacional/LipNet-PyTorch-Transformer/.venv/lib/python3.13/site-packages/face_alignment/api.py:130: UserWarning: Compiling face alignment model (one-time cost). Subsequent runs will be faster.
  warnings.warn(
/Users/viniciustormin/02 Areas/UFG/Visão Computacional/LipNet-PyTorch-Transformer/.venv/lib/python3.13/site-packages/face_alignment/api.py:130: UserWarning: Compiling face alignment model (one-time cost). Subsequent runs will be faster.
  warnings.warn(
/Users/viniciustormin/02 Areas/UFG/Visão Computacional/LipNet-PyTorch-Transformer/.venv/lib/python3.13/site-packages/face_alignment/api.py:130: UserWarning: Compiling face alignment model (one-time cost). Subsequent runs will be faster.
  warnings.warn(
/Users/viniciustormin/02 Areas/UFG/Visão Computacional/LipNet-PyTorch-Transformer/.venv/lib/python3.13/site-packages/face_alignment/api.py:130: UserWarning: Compiling face alignment model (one-time cost). Subsequent runs will be faster.
  warnings.warn(
/Users/viniciustormin/02 Areas/UFG/Visão Computacional/LipNet-PyTorch-Transformer/.venv/lib/python3.13/site-packages/face_alignment/api.py:130: UserWarning: Compiling face alignment model (one-time cost). Subsequent runs will be faster.
  warnings.warn(
/Users/viniciustormin/02 Areas/UFG/Visão Computacional/LipNet-PyTorch-Transformer/.venv/lib/python3.13/site-packages/face_alignment/api.py:130: UserWarning: Compiling face alignment model (one-time cost). Subsequent runs will be faster.
  warnings.warn(
/Users/viniciustormin/02 Areas/UFG/Visão Computacional/LipNet-PyTorch-Transformer/.venv/lib/python3.13/site-packages/face_alignment/api.py:130: UserWarning: Compiling face alignment model (one-time cost). Subsequent runs will be faster.
  warnings.warn(
/Users/viniciustormin/02 Areas/UFG/Visão Computacional/LipNet-PyTorch-Transformer/.venv/lib/python3.13/site-packages/face_alignment/api.py:130: UserWarning: Compiling face alignment model (one-time cost). Subsequent runs will be faster.
  warnings.warn(
/Users/viniciustormin/02 Areas/UFG/Visão Computacional/LipNet-PyTorch-Transformer/.venv/lib/python3.13/site-packages/face_alignment/api.py:130: UserWarning: Compiling face alignment model (one-time cost). Subsequent runs will be faster.
  warnings.warn(
/Users/viniciustormin/02 Areas/UFG/Visão Computacional/LipNet-PyTorch-Transformer/.venv/lib/python3.13/site-packages/face_alignment/api.py:130: UserWarning: Compiling face alignment model (one-time cost). Subsequent runs will be faster.
  warnings.warn(
/Users/viniciustormin/02 Areas/UFG/Visão Computacional/LipNet-PyTorch-Transformer/.venv/lib/python3.13/site-packages/face_alignment/api.py:130: UserWarning: Compiling face alignment model (one-time cost). Subsequent runs will be faster.
  warnings.warn(
/Users/viniciustormin/02 Areas/UFG/Visão Computacional/LipNet-PyTorch-Transformer/.venv/lib/python3.13/site-packages/face_alignment/api.py:130: UserWarning: Compiling face alignment model (one-time cost). Subsequent runs will be faster.
  warnings.warn(
/Users/viniciustormin/02 Areas/UFG/Visão Computacional/LipNet-PyTorch-Transformer/.venv/lib/python3.13/site-packages/face_alignment/api.py:130: UserWarning: Compiling face alignment model (one-time cost). Subsequent runs will be faster.
  warnings.warn(
/Users/viniciustormin/02 Areas/UFG/Visão Computacional/LipNet-PyTorch-Transformer/.venv/lib/python3.13/site-packages/face_alignment/api.py:130: UserWarning: Compiling face alignment model (one-time cost). Subsequent runs will be faster.
  warnings.warn(
/Users/viniciustormin/02 Areas/UFG/Visão Computacional/LipNet-PyTorch-Transformer/.venv/lib/python3.13/site-packages/face_alignment/api.py:130: UserWarning: Compiling face alignment model (one-time cost). Subsequent runs will be faster.
  warnings.warn(
/Users/viniciustormin/02 Areas/UFG/Visão Computacional/LipNet-PyTorch-Transformer/.venv/lib/python3.13/site-packages/face_alignment/api.py:215: UserWarning: No faces were detected.
  warnings.warn("No faces were detected.")
/Users/viniciustormin/02 Areas/UFG/Visão Computacional/LipNet-PyTorch-Transformer/.venv/lib/python3.13/site-packages/face_alignment/api.py:130: UserWarning: Compiling face alignment model (one-time cost). Subsequent runs will be faster.
  warnings.warn(
/Users/viniciustormin/02 Areas/UFG/Visão Computacional/LipNet-PyTorch-Transformer/.venv/lib/python3.13/site-packages/face_alignment/api.py:130: UserWarning: Compiling face alignment model (one-time cost). Subsequent runs will be faster.
  warnings.warn(
/Users/viniciustormin/02 Areas/UFG/Visão Computacional/LipNet-PyTorch-Transformer/.venv/lib/python3.13/site-packages/face_alignment/api.py:130: UserWarning: Compiling face alignment model (one-time cost). Subsequent runs will be faster.
  warnings.warn(
/Users/viniciustormin/02 Areas/UFG/Visão Computacional/LipNet-PyTorch-Transformer/.venv/lib/python3.13/site-packages/face_alignment/api.py:130: UserWarning: Compiling face alignment model (one-time cost). Subsequent runs will be faster.
  warnings.warn(
/Users/viniciustormin/02 Areas/UFG/Visão Computacional/LipNet-PyTorch-Transformer/.venv/lib/python3.13/site-packages/face_alignment/api.py:130: UserWarning: Compiling face alignment model (one-time cost). Subsequent runs will be faster.
  warnings.warn(
/Users/viniciustormin/02 Areas/UFG/Visão Computacional/LipNet-PyTorch-Transformer/.venv/lib/python3.13/site-packages/face_alignment/api.py:130: UserWarning: Compiling face alignment model (one-time cost). Subsequent runs will be faster.
  warnings.warn(
/Users/viniciustormin/02 Areas/UFG/Visão Computacional/LipNet-PyTorch-Transformer/.venv/lib/python3.13/site-packages/face_alignment/api.py:130: UserWarning: Compiling face alignment model (one-time cost). Subsequent runs will be faster.
  warnings.warn(
/Users/viniciustormin/02 Areas/UFG/Visão Computacional/LipNet-PyTorch-Transformer/.venv/lib/python3.13/site-packages/face_alignment/api.py:130: UserWarning: Compiling face alignment model (one-time cost). Subsequent runs will be faster.
  warnings.warn(
/Users/viniciustormin/02 Areas/UFG/Visão Computacional/LipNet-PyTorch-Transformer/.venv/lib/python3.13/site-packages/face_alignment/api.py:130: UserWarning: Compiling face alignment model (one-time cost). Subsequent runs will be faster.
  warnings.warn(
/Users/viniciustormin/02 Areas/UFG/Visão Computacional/LipNet-PyTorch-Transformer/.venv/lib/python3.13/site-packages/face_alignment/api.py:130: UserWarning: Compiling face alignment model (one-time cost). Subsequent runs will be faster.
  warnings.warn(
/Users/viniciustormin/02 Areas/UFG/Visão Computacional/LipNet-PyTorch-Transformer/.venv/lib/python3.13/site-packages/face_alignment/api.py:130: UserWarning: Compiling face alignment model (one-time cost). Subsequent runs will be faster.
  warnings.warn(
/Users/viniciustormin/02 Areas/UFG/Visão Computacional/LipNet-PyTorch-Transformer/.venv/lib/python3.13/site-packages/face_alignment/api.py:130: UserWarning: Compiling face alignment model (one-time cost). Subsequent runs will be faster.
  warnings.warn(
/Users/viniciustormin/02 Areas/UFG/Visão Computacional/LipNet-PyTorch-Transformer/.venv/lib/python3.13/site-packages/face_alignment/api.py:130: UserWarning: Compiling face alignment model (one-time cost). Subsequent runs will be faster.
  warnings.warn(
Found 1000 videos.
Output dir : /Users/viniciustormin/02 Areas/UFG/Visão Computacional/LipNet-PyTorch-Transformer/data/grid/lip/s1
Workers    : 1
Device     : cpu

[1/1000] video/mpg_6000/bbaf2n: OK (75 frames)
[2/1000] video/mpg_6000/bbaf3s: OK (75 frames)
[3/1000] video/mpg_6000/bbaf4p: OK (75 frames)
[4/1000] video/mpg_6000/bbaf5a: OK (75 frames)
[5/1000] video/mpg_6000/bbal6n: OK (75 frames)
[6/1000] video/mpg_6000/bbal7s: OK (75 frames)
[7/1000] video/mpg_6000/bbal8p: OK (75 frames)
[8/1000] video/mpg_6000/bbal9a: OK (75 frames)
[9/1000] video/mpg_6000/bbas1s: OK (75 frames)
[10/1000] video/mpg_6000/bbas2p: OK (75 frames)
[11/1000] video/mpg_6000/bbas3a: OK (75 frames)
[12/1000] video/mpg_6000/bbaszn: OK (75 frames)
[13/1000] video/mpg_6000/bbaz4n: OK (75 frames)
[14/1000] video/mpg_6000/bbaz5s: OK (75 frames)
[15/1000] video/mpg_6000/bbaz6p: OK (75 frames)
[16/1000] video/mpg_6000/bbaz7a: OK (75 frames)
[17/1000] video/mpg_6000/bbbf6n: OK (75 frames)
[18/1000] video/mpg_6000/bbbf7s: OK (75 frames)
[19/1000] video/mpg_6000/bbbf8p: OK (75 frames)
[20/1000] video/mpg_6000/bbbf9a: OK (75 frames)
[21/1000] video/mpg_6000/bbbm1s: OK (75 frames)
[22/1000] video/mpg_6000/bbbm2p: OK (75 frames)
[23/1000] video/mpg_6000/bbbm3a: OK (75 frames)
[24/1000] video/mpg_6000/bbbmzn: OK (75 frames)
[25/1000] video/mpg_6000/bbbs4n: OK (75 frames)
[26/1000] video/mpg_6000/bbbs5s: OK (75 frames)
[27/1000] video/mpg_6000/bbbs6p: OK (75 frames)
[28/1000] video/mpg_6000/bbbs7a: OK (75 frames)
[29/1000] video/mpg_6000/bbbz8n: OK (75 frames)
[30/1000] video/mpg_6000/bbbz9s: OK (75 frames)
[31/1000] video/mpg_6000/bbie8n: OK (75 frames)
[32/1000] video/mpg_6000/bbie9s: OK (75 frames)
[33/1000] video/mpg_6000/bbif1a: OK (75 frames)
[34/1000] video/mpg_6000/bbifzp: OK (75 frames)
[35/1000] video/mpg_6000/bbil2n: OK (75 frames)
[36/1000] video/mpg_6000/bbil3s: OK (75 frames)
[37/1000] video/mpg_6000/bbil4p: OK (75 frames)
[38/1000] video/mpg_6000/bbil5a: OK (75 frames)
[39/1000] video/mpg_6000/bbir6n: OK (75 frames)
[40/1000] video/mpg_6000/bbir7s: OK (75 frames)
[41/1000] video/mpg_6000/bbir8p: OK (75 frames)
[42/1000] video/mpg_6000/bbir9a: OK (75 frames)
[43/1000] video/mpg_6000/bbiz1s: OK (75 frames)
[44/1000] video/mpg_6000/bbiz2p: OK (75 frames)
[45/1000] video/mpg_6000/bbiz3a: OK (75 frames)
[46/1000] video/mpg_6000/bbizzn: OK (63 frames)
[47/1000] video/mpg_6000/bbwg1s: OK (75 frames)
[48/1000] video/mpg_6000/bbwg2p: OK (75 frames)
[49/1000] video/mpg_6000/bbwg3a: OK (75 frames)
[50/1000] video/mpg_6000/bbwgzn: OK (75 frames)
[51/1000] video/mpg_6000/bbwm4n: OK (75 frames)
[52/1000] video/mpg_6000/bbwm5s: OK (75 frames)
[53/1000] video/mpg_6000/bbwm6p: OK (75 frames)
[54/1000] video/mpg_6000/bbwm7a: OK (75 frames)
[55/1000] video/mpg_6000/bbws8n: OK (75 frames)
[56/1000] video/mpg_6000/bbws9s: OK (75 frames)
[57/1000] video/mpg_6000/bbwt1a: OK (75 frames)
[58/1000] video/mpg_6000/bbwtzp: OK (75 frames)
[59/1000] video/mpg_6000/bgaa6n: OK (75 frames)
[60/1000] video/mpg_6000/bgaa7s: OK (75 frames)
[61/1000] video/mpg_6000/bgaa8p: OK (75 frames)
[62/1000] video/mpg_6000/bgaa9a: OK (75 frames)
[63/1000] video/mpg_6000/bgah1s: OK (75 frames)
[64/1000] video/mpg_6000/bgah2p: OK (75 frames)
[65/1000] video/mpg_6000/bgah3a: OK (75 frames)
[66/1000] video/mpg_6000/bgahzn: OK (75 frames)
[67/1000] video/mpg_6000/bgan4n: OK (75 frames)
[68/1000] video/mpg_6000/bgan5s: OK (75 frames)
[69/1000] video/mpg_6000/bgan6p: OK (75 frames)
[70/1000] video/mpg_6000/bgan7a: OK (75 frames)
[71/1000] video/mpg_6000/bgat8n: OK (75 frames)
[72/1000] video/mpg_6000/bgat9s: OK (75 frames)
[73/1000] video/mpg_6000/bgau1a: OK (75 frames)
[74/1000] video/mpg_6000/bgauzp: OK (75 frames)
[75/1000] video/mpg_6000/bgbb1s: OK (75 frames)
[76/1000] video/mpg_6000/bgbb2p: OK (75 frames)
[77/1000] video/mpg_6000/bgbb3a: OK (75 frames)
[78/1000] video/mpg_6000/bgbbzn: OK (75 frames)
[79/1000] video/mpg_6000/bgbh4n: OK (75 frames)
[80/1000] video/mpg_6000/bgbh5s: OK (75 frames)
[81/1000] video/mpg_6000/bgbh6p: OK (75 frames)
[82/1000] video/mpg_6000/bgbh7a: OK (75 frames)
[83/1000] video/mpg_6000/bgbn8n: OK (75 frames)
[84/1000] video/mpg_6000/bgbn9s: OK (75 frames)
[85/1000] video/mpg_6000/bgbo1a: OK (75 frames)
[86/1000] video/mpg_6000/bgbozp: OK (75 frames)
[87/1000] video/mpg_6000/bgbu2n: OK (75 frames)
[88/1000] video/mpg_6000/bgbu3s: OK (75 frames)
[89/1000] video/mpg_6000/bgbu4p: OK (75 frames)
[90/1000] video/mpg_6000/bgbu5a: OK (75 frames)
[91/1000] video/mpg_6000/bgia2n: OK (75 frames)
[92/1000] video/mpg_6000/bgia3s: OK (75 frames)
[93/1000] video/mpg_6000/bgia4p: OK (75 frames)
[94/1000] video/mpg_6000/bgia5a: OK (75 frames)
[95/1000] video/mpg_6000/bgig6n: OK (75 frames)
[96/1000] video/mpg_6000/bgig7s: OK (75 frames)
[97/1000] video/mpg_6000/bgig8p: OK (75 frames)
[98/1000] video/mpg_6000/bgig9a: OK (75 frames)
[99/1000] video/mpg_6000/bgin1s: OK (75 frames)
[100/1000] video/mpg_6000/bgin2p: OK (75 frames)
[101/1000] video/mpg_6000/bgin3a: OK (75 frames)
[102/1000] video/mpg_6000/bginzn: OK (75 frames)
[103/1000] video/mpg_6000/bgit4n: OK (75 frames)
[104/1000] video/mpg_6000/bgit5s: OK (75 frames)
[105/1000] video/mpg_6000/bgit6p: OK (75 frames)
[106/1000] video/mpg_6000/bgit7a: OK (75 frames)
[107/1000] video/mpg_6000/bgwb4n: OK (75 frames)
[108/1000] video/mpg_6000/bgwb5s: OK (75 frames)
[109/1000] video/mpg_6000/bgwb6p: OK (75 frames)
[110/1000] video/mpg_6000/bgwb7a: OK (75 frames)
[111/1000] video/mpg_6000/bgwh8n: OK (75 frames)
[112/1000] video/mpg_6000/bgwh9s: OK (75 frames)
[113/1000] video/mpg_6000/bgwi1a: OK (75 frames)
[114/1000] video/mpg_6000/bgwizp: OK (75 frames)
[115/1000] video/mpg_6000/bgwo2n: OK (75 frames)
[116/1000] video/mpg_6000/bgwo3s: OK (75 frames)
[117/1000] video/mpg_6000/bgwo4p: OK (75 frames)
[118/1000] video/mpg_6000/bgwo5a: OK (75 frames)
[119/1000] video/mpg_6000/bgwu6n: OK (75 frames)
[120/1000] video/mpg_6000/bgwu7s: OK (75 frames)
[121/1000] video/mpg_6000/bgwu8p: OK (75 frames)
[122/1000] video/mpg_6000/bgwu9a: OK (75 frames)
[123/1000] video/mpg_6000/braf8n: OK (75 frames)
[124/1000] video/mpg_6000/braf9s: OK (75 frames)
[125/1000] video/mpg_6000/brag1a: OK (75 frames)
[126/1000] video/mpg_6000/bragzp: OK (75 frames)
[127/1000] video/mpg_6000/bram2n: OK (75 frames)
[128/1000] video/mpg_6000/bram3s: OK (75 frames)
[129/1000] video/mpg_6000/bram4p: OK (75 frames)
[130/1000] video/mpg_6000/bram5a: OK (75 frames)
[131/1000] video/mpg_6000/bras6n: OK (75 frames)
[132/1000] video/mpg_6000/bras7s: OK (75 frames)
[133/1000] video/mpg_6000/bras8p: OK (75 frames)
[134/1000] video/mpg_6000/bras9a: OK (75 frames)
[135/1000] video/mpg_6000/brba1a: OK (75 frames)
[136/1000] video/mpg_6000/brbazp: OK (75 frames)
[137/1000] video/mpg_6000/brbg2n: OK (75 frames)
[138/1000] video/mpg_6000/brbg3s: OK (75 frames)
[139/1000] video/mpg_6000/brbg4p: OK (75 frames)
[140/1000] video/mpg_6000/brbg5a: OK (75 frames)
[141/1000] video/mpg_6000/brbm6n: OK (75 frames)
[142/1000] video/mpg_6000/brbm7s: OK (75 frames)
[143/1000] video/mpg_6000/brbm8p: OK (75 frames)
[144/1000] video/mpg_6000/brbm9a: OK (75 frames)
[145/1000] video/mpg_6000/brbt1s: OK (75 frames)
[146/1000] video/mpg_6000/brbt2p: OK (75 frames)
[147/1000] video/mpg_6000/brbt3a: OK (75 frames)
[148/1000] video/mpg_6000/brbtzn: OK (75 frames)
[149/1000] video/mpg_6000/brif4n: OK (75 frames)
[150/1000] video/mpg_6000/brif5s: OK (75 frames)
[151/1000] video/mpg_6000/brif6p: OK (75 frames)
[152/1000] video/mpg_6000/brif7a: OK (75 frames)
[153/1000] video/mpg_6000/bril8n: OK (75 frames)
[154/1000] video/mpg_6000/bril9s: OK (75 frames)
[155/1000] video/mpg_6000/brim1a: OK (75 frames)
[156/1000] video/mpg_6000/brimzp: OK (75 frames)
[157/1000] video/mpg_6000/bris2n: OK (75 frames)
[158/1000] video/mpg_6000/bris3s: OK (75 frames)
[159/1000] video/mpg_6000/bris4p: OK (75 frames)
[160/1000] video/mpg_6000/bris5a: OK (75 frames)
[161/1000] video/mpg_6000/briz6n: OK (75 frames)
[162/1000] video/mpg_6000/briz7s: OK (75 frames)
[163/1000] video/mpg_6000/briz8p: OK (75 frames)
[164/1000] video/mpg_6000/briz9a: OK (75 frames)
[165/1000] video/mpg_6000/brwa2n: OK (75 frames)
[166/1000] video/mpg_6000/brwa3s: OK (75 frames)
/Users/viniciustormin/02 Areas/UFG/Visão Computacional/LipNet-PyTorch-Transformer/.venv/lib/python3.13/site-packages/face_alignment/api.py:130: UserWarning: Compiling face alignment model (one-time cost). Subsequent runs will be faster.
  warnings.warn(
/Users/viniciustormin/02 Areas/UFG/Visão Computacional/LipNet-PyTorch-Transformer/.venv/lib/python3.13/site-packages/face_alignment/api.py:130: UserWarning: Compiling face alignment model (one-time cost). Subsequent runs will be faster.
  warnings.warn(
/Users/viniciustormin/02 Areas/UFG/Visão Computacional/LipNet-PyTorch-Transformer/.venv/lib/python3.13/site-packages/face_alignment/api.py:130: UserWarning: Compiling face alignment model (one-time cost). Subsequent runs will be faster.
  warnings.warn(
/Users/viniciustormin/02 Areas/UFG/Visão Computacional/LipNet-PyTorch-Transformer/.venv/lib/python3.13/site-packages/face_alignment/api.py:130: UserWarning: Compiling face alignment model (one-time cost). Subsequent runs will be faster.
  warnings.warn(
/Users/viniciustormin/02 Areas/UFG/Visão Computacional/LipNet-PyTorch-Transformer/.venv/lib/python3.13/site-packages/face_alignment/api.py:130: UserWarning: Compiling face alignment model (one-time cost). Subsequent runs will be faster.
  warnings.warn(
/Users/viniciustormin/02 Areas/UFG/Visão Computacional/LipNet-PyTorch-Transformer/.venv/lib/python3.13/site-packages/face_alignment/api.py:130: UserWarning: Compiling face alignment model (one-time cost). Subsequent runs will be faster.
  warnings.warn(
/Users/viniciustormin/02 Areas/UFG/Visão Computacional/LipNet-PyTorch-Transformer/.venv/lib/python3.13/site-packages/face_alignment/api.py:130: UserWarning: Compiling face alignment model (one-time cost). Subsequent runs will be faster.
  warnings.warn(
/Users/viniciustormin/02 Areas/UFG/Visão Computacional/LipNet-PyTorch-Transformer/.venv/lib/python3.13/site-packages/face_alignment/api.py:130: UserWarning: Compiling face alignment model (one-time cost). Subsequent runs will be faster.
  warnings.warn(
/Users/viniciustormin/02 Areas/UFG/Visão Computacional/LipNet-PyTorch-Transformer/.venv/lib/python3.13/site-packages/face_alignment/api.py:130: UserWarning: Compiling face alignment model (one-time cost). Subsequent runs will be faster.
  warnings.warn(
/Users/viniciustormin/02 Areas/UFG/Visão Computacional/LipNet-PyTorch-Transformer/.venv/lib/python3.13/site-packages/face_alignment/api.py:130: UserWarning: Compiling face alignment model (one-time cost). Subsequent runs will be faster.
  warnings.warn(
/Users/viniciustormin/02 Areas/UFG/Visão Computacional/LipNet-PyTorch-Transformer/.venv/lib/python3.13/site-packages/face_alignment/api.py:130: UserWarning: Compiling face alignment model (one-time cost). Subsequent runs will be faster.
  warnings.warn(
/Users/viniciustormin/02 Areas/UFG/Visão Computacional/LipNet-PyTorch-Transformer/.venv/lib/python3.13/site-packages/face_alignment/api.py:130: UserWarning: Compiling face alignment model (one-time cost). Subsequent runs will be faster.
  warnings.warn(
/Users/viniciustormin/02 Areas/UFG/Visão Computacional/LipNet-PyTorch-Transformer/.venv/lib/python3.13/site-packages/face_alignment/api.py:130: UserWarning: Compiling face alignment model (one-time cost). Subsequent runs will be faster.
  warnings.warn(
/Users/viniciustormin/02 Areas/UFG/Visão Computacional/LipNet-PyTorch-Transformer/.venv/lib/python3.13/site-packages/face_alignment/api.py:130: UserWarning: Compiling face alignment model (one-time cost). Subsequent runs will be faster.
  warnings.warn(
/Users/viniciustormin/02 Areas/UFG/Visão Computacional/LipNet-PyTorch-Transformer/.venv/lib/python3.13/site-packages/face_alignment/api.py:130: UserWarning: Compiling face alignment model (one-time cost). Subsequent runs will be faster.
  warnings.warn(
/Users/viniciustormin/02 Areas/UFG/Visão Computacional/LipNet-PyTorch-Transformer/.venv/lib/python3.13/site-packages/face_alignment/api.py:130: UserWarning: Compiling face alignment model (one-time cost). Subsequent runs will be faster.
  warnings.warn(
/Users/viniciustormin/02 Areas/UFG/Visão Computacional/LipNet-PyTorch-Transformer/.venv/lib/python3.13/site-packages/face_alignment/api.py:130: UserWarning: Compiling face alignment model (one-time cost). Subsequent runs will be faster.
  warnings.warn(
/Users/viniciustormin/02 Areas/UFG/Visão Computacional/LipNet-PyTorch-Transformer/.venv/lib/python3.13/site-packages/face_alignment/api.py:130: UserWarning: Compiling face alignment model (one-time cost). Subsequent runs will be faster.
  warnings.warn(
/Users/viniciustormin/02 Areas/UFG/Visão Computacional/LipNet-PyTorch-Transformer/.venv/lib/python3.13/site-packages/face_alignment/api.py:130: UserWarning: Compiling face alignment model (one-time cost). Subsequent runs will be faster.
  warnings.warn(
/Users/viniciustormin/02 Areas/UFG/Visão Computacional/LipNet-PyTorch-Transformer/.venv/lib/python3.13/site-packages/face_alignment/api.py:130: UserWarning: Compiling face alignment model (one-time cost). Subsequent runs will be faster.
  warnings.warn(
/Users/viniciustormin/02 Areas/UFG/Visão Computacional/LipNet-PyTorch-Transformer/.venv/lib/python3.13/site-packages/face_alignment/api.py:130: UserWarning: Compiling face alignment model (one-time cost). Subsequent runs will be faster.
  warnings.warn(
/Users/viniciustormin/02 Areas/UFG/Visão Computacional/LipNet-PyTorch-Transformer/.venv/lib/python3.13/site-packages/face_alignment/api.py:130: UserWarning: Compiling face alignment model (one-time cost). Subsequent runs will be faster.
  warnings.warn(
/Users/viniciustormin/02 Areas/UFG/Visão Computacional/LipNet-PyTorch-Transformer/.venv/lib/python3.13/site-packages/face_alignment/api.py:130: UserWarning: Compiling face alignment model (one-time cost). Subsequent runs will be faster.
  warnings.warn(
/Users/viniciustormin/02 Areas/UFG/Visão Computacional/LipNet-PyTorch-Transformer/.venv/lib/python3.13/site-packages/face_alignment/api.py:130: UserWarning: Compiling face alignment model (one-time cost). Subsequent runs will be faster.
  warnings.warn(
/Users/viniciustormin/02 Areas/UFG/Visão Computacional/LipNet-PyTorch-Transformer/.venv/lib/python3.13/site-packages/face_alignment/api.py:130: UserWarning: Compiling face alignment model (one-time cost). Subsequent runs will be faster.
  warnings.warn(
/Users/viniciustormin/02 Areas/UFG/Visão Computacional/LipNet-PyTorch-Transformer/.venv/lib/python3.13/site-packages/face_alignment/api.py:130: UserWarning: Compiling face alignment model (one-time cost). Subsequent runs will be faster.
  warnings.warn(
/Users/viniciustormin/02 Areas/UFG/Visão Computacional/LipNet-PyTorch-Transformer/.venv/lib/python3.13/site-packages/face_alignment/api.py:130: UserWarning: Compiling face alignment model (one-time cost). Subsequent runs will be faster.
  warnings.warn(
/Users/viniciustormin/02 Areas/UFG/Visão Computacional/LipNet-PyTorch-Transformer/.venv/lib/python3.13/site-packages/face_alignment/api.py:130: UserWarning: Compiling face alignment model (one-time cost). Subsequent runs will be faster.
  warnings.warn(
/Users/viniciustormin/02 Areas/UFG/Visão Computacional/LipNet-PyTorch-Transformer/.venv/lib/python3.13/site-packages/face_alignment/api.py:130: UserWarning: Compiling face alignment model (one-time cost). Subsequent runs will be faster.
  warnings.warn(
/Users/viniciustormin/02 Areas/UFG/Visão Computacional/LipNet-PyTorch-Transformer/.venv/lib/python3.13/site-packages/face_alignment/api.py:130: UserWarning: Compiling face alignment model (one-time cost). Subsequent runs will be faster.
  warnings.warn(
/Users/viniciustormin/02 Areas/UFG/Visão Computacional/LipNet-PyTorch-Transformer/.venv/lib/python3.13/site-packages/face_alignment/api.py:130: UserWarning: Compiling face alignment model (one-time cost). Subsequent runs will be faster.
  warnings.warn(
/Users/viniciustormin/02 Areas/UFG/Visão Computacional/LipNet-PyTorch-Transformer/.venv/lib/python3.13/site-packages/face_alignment/api.py:130: UserWarning: Compiling face alignment model (one-time cost). Subsequent runs will be faster.
  warnings.warn(
/Users/viniciustormin/02 Areas/UFG/Visão Computacional/LipNet-PyTorch-Transformer/.venv/lib/python3.13/site-packages/face_alignment/api.py:130: UserWarning: Compiling face alignment model (one-time cost). Subsequent runs will be faster.
  warnings.warn(
/Users/viniciustormin/02 Areas/UFG/Visão Computacional/LipNet-PyTorch-Transformer/.venv/lib/python3.13/site-packages/face_alignment/api.py:130: UserWarning: Compiling face alignment model (one-time cost). Subsequent runs will be faster.
  warnings.warn(
/Users/viniciustormin/02 Areas/UFG/Visão Computacional/LipNet-PyTorch-Transformer/.venv/lib/python3.13/site-packages/face_alignment/api.py:130: UserWarning: Compiling face alignment model (one-time cost). Subsequent runs will be faster.
  warnings.warn(
/Users/viniciustormin/02 Areas/UFG/Visão Computacional/LipNet-PyTorch-Transformer/.venv/lib/python3.13/site-packages/face_alignment/api.py:130: UserWarning: Compiling face alignment model (one-time cost). Subsequent runs will be faster.
  warnings.warn(
/Users/viniciustormin/02 Areas/UFG/Visão Computacional/LipNet-PyTorch-Transformer/.venv/lib/python3.13/site-packages/face_alignment/api.py:130: UserWarning: Compiling face alignment model (one-time cost). Subsequent runs will be faster.
  warnings.warn(
/Users/viniciustormin/02 Areas/UFG/Visão Computacional/LipNet-PyTorch-Transformer/.venv/lib/python3.13/site-packages/face_alignment/api.py:130: UserWarning: Compiling face alignment model (one-time cost). Subsequent runs will be faster.
  warnings.warn(
/Users/viniciustormin/02 Areas/UFG/Visão Computacional/LipNet-PyTorch-Transformer/.venv/lib/python3.13/site-packages/face_alignment/api.py:130: UserWarning: Compiling face alignment model (one-time cost). Subsequent runs will be faster.
  warnings.warn(
/Users/viniciustormin/02 Areas/UFG/Visão Computacional/LipNet-PyTorch-Transformer/.venv/lib/python3.13/site-packages/face_alignment/api.py:130: UserWarning: Compiling face alignment model (one-time cost). Subsequent runs will be faster.
  warnings.warn(
/Users/viniciustormin/02 Areas/UFG/Visão Computacional/LipNet-PyTorch-Transformer/.venv/lib/python3.13/site-packages/face_alignment/api.py:215: UserWarning: No faces were detected.
  warnings.warn("No faces were detected.")
/Users/viniciustormin/02 Areas/UFG/Visão Computacional/LipNet-PyTorch-Transformer/.venv/lib/python3.13/site-packages/face_alignment/api.py:130: UserWarning: Compiling face alignment model (one-time cost). Subsequent runs will be faster.
  warnings.warn(
/Users/viniciustormin/02 Areas/UFG/Visão Computacional/LipNet-PyTorch-Transformer/.venv/lib/python3.13/site-packages/face_alignment/api.py:130: UserWarning: Compiling face alignment model (one-time cost). Subsequent runs will be faster.
  warnings.warn(
/Users/viniciustormin/02 Areas/UFG/Visão Computacional/LipNet-PyTorch-Transformer/.venv/lib/python3.13/site-packages/face_alignment/api.py:130: UserWarning: Compiling face alignment model (one-time cost). Subsequent runs will be faster.
  warnings.warn(
/Users/viniciustormin/02 Areas/UFG/Visão Computacional/LipNet-PyTorch-Transformer/.venv/lib/python3.13/site-packages/face_alignment/api.py:130: UserWarning: Compiling face alignment model (one-time cost). Subsequent runs will be faster.
  warnings.warn(
/Users/viniciustormin/02 Areas/UFG/Visão Computacional/LipNet-PyTorch-Transformer/.venv/lib/python3.13/site-packages/face_alignment/api.py:130: UserWarning: Compiling face alignment model (one-time cost). Subsequent runs will be faster.
  warnings.warn(
/Users/viniciustormin/02 Areas/UFG/Visão Computacional/LipNet-PyTorch-Transformer/.venv/lib/python3.13/site-packages/face_alignment/api.py:130: UserWarning: Compiling face alignment model (one-time cost). Subsequent runs will be faster.
  warnings.warn(
/Users/viniciustormin/02 Areas/UFG/Visão Computacional/LipNet-PyTorch-Transformer/.venv/lib/python3.13/site-packages/face_alignment/api.py:130: UserWarning: Compiling face alignment model (one-time cost). Subsequent runs will be faster.
  warnings.warn(
/Users/viniciustormin/02 Areas/UFG/Visão Computacional/LipNet-PyTorch-Transformer/.venv/lib/python3.13/site-packages/face_alignment/api.py:130: UserWarning: Compiling face alignment model (one-time cost). Subsequent runs will be faster.
  warnings.warn(
/Users/viniciustormin/02 Areas/UFG/Visão Computacional/LipNet-PyTorch-Transformer/.venv/lib/python3.13/site-packages/face_alignment/api.py:130: UserWarning: Compiling face alignment model (one-time cost). Subsequent runs will be faster.
  warnings.warn(
/Users/viniciustormin/02 Areas/UFG/Visão Computacional/LipNet-PyTorch-Transformer/.venv/lib/python3.13/site-packages/face_alignment/api.py:130: UserWarning: Compiling face alignment model (one-time cost). Subsequent runs will be faster.
  warnings.warn(
/Users/viniciustormin/02 Areas/UFG/Visão Computacional/LipNet-PyTorch-Transformer/.venv/lib/python3.13/site-packages/face_alignment/api.py:130: UserWarning: Compiling face alignment model (one-time cost). Subsequent runs will be faster.
  warnings.warn(
/Users/viniciustormin/02 Areas/UFG/Visão Computacional/LipNet-PyTorch-Transformer/.venv/lib/python3.13/site-packages/face_alignment/api.py:130: UserWarning: Compiling face alignment model (one-time cost). Subsequent runs will be faster.
  warnings.warn(
/Users/viniciustormin/02 Areas/UFG/Visão Computacional/LipNet-PyTorch-Transformer/.venv/lib/python3.13/site-packages/face_alignment/api.py:130: UserWarning: Compiling face alignment model (one-time cost). Subsequent runs will be faster.
  warnings.warn(
/Users/viniciustormin/02 Areas/UFG/Visão Computacional/LipNet-PyTorch-Transformer/.venv/lib/python3.13/site-packages/face_alignment/api.py:130: UserWarning: Compiling face alignment model (one-time cost). Subsequent runs will be faster.
  warnings.warn(
/Users/viniciustormin/02 Areas/UFG/Visão Computacional/LipNet-PyTorch-Transformer/.venv/lib/python3.13/site-packages/face_alignment/api.py:130: UserWarning: Compiling face alignment model (one-time cost). Subsequent runs will be faster.
  warnings.warn(
/Users/viniciustormin/02 Areas/UFG/Visão Computacional/LipNet-PyTorch-Transformer/.venv/lib/python3.13/site-packages/face_alignment/api.py:130: UserWarning: Compiling face alignment model (one-time cost). Subsequent runs will be faster.
  warnings.warn(
/Users/viniciustormin/02 Areas/UFG/Visão Computacional/LipNet-PyTorch-Transformer/.venv/lib/python3.13/site-packages/face_alignment/api.py:130: UserWarning: Compiling face alignment model (one-time cost). Subsequent runs will be faster.
  warnings.warn(
/Users/viniciustormin/02 Areas/UFG/Visão Computacional/LipNet-PyTorch-Transformer/.venv/lib/python3.13/site-packages/face_alignment/api.py:130: UserWarning: Compiling face alignment model (one-time cost). Subsequent runs will be faster.
  warnings.warn(
/Users/viniciustormin/02 Areas/UFG/Visão Computacional/LipNet-PyTorch-Transformer/.venv/lib/python3.13/site-packages/face_alignment/api.py:130: UserWarning: Compiling face alignment model (one-time cost). Subsequent runs will be faster.
  warnings.warn(
/Users/viniciustormin/02 Areas/UFG/Visão Computacional/LipNet-PyTorch-Transformer/.venv/lib/python3.13/site-packages/face_alignment/api.py:130: UserWarning: Compiling face alignment model (one-time cost). Subsequent runs will be faster.
  warnings.warn(
/Users/viniciustormin/02 Areas/UFG/Visão Computacional/LipNet-PyTorch-Transformer/.venv/lib/python3.13/site-packages/face_alignment/api.py:130: UserWarning: Compiling face alignment model (one-time cost). Subsequent runs will be faster.
  warnings.warn(
/Users/viniciustormin/02 Areas/UFG/Visão Computacional/LipNet-PyTorch-Transformer/.venv/lib/python3.13/site-packages/face_alignment/api.py:130: UserWarning: Compiling face alignment model (one-time cost). Subsequent runs will be faster.
  warnings.warn(
/Users/viniciustormin/02 Areas/UFG/Visão Computacional/LipNet-PyTorch-Transformer/.venv/lib/python3.13/site-packages/face_alignment/api.py:130: UserWarning: Compiling face alignment model (one-time cost). Subsequent runs will be faster.
  warnings.warn(
/Users/viniciustormin/02 Areas/UFG/Visão Computacional/LipNet-PyTorch-Transformer/.venv/lib/python3.13/site-packages/face_alignment/api.py:130: UserWarning: Compiling face alignment model (one-time cost). Subsequent runs will be faster.
  warnings.warn(
/Users/viniciustormin/02 Areas/UFG/Visão Computacional/LipNet-PyTorch-Transformer/.venv/lib/python3.13/site-packages/face_alignment/api.py:130: UserWarning: Compiling face alignment model (one-time cost). Subsequent runs will be faster.
  warnings.warn(
/Users/viniciustormin/02 Areas/UFG/Visão Computacional/LipNet-PyTorch-Transformer/.venv/lib/python3.13/site-packages/face_alignment/api.py:130: UserWarning: Compiling face alignment model (one-time cost). Subsequent runs will be faster.
  warnings.warn(
/Users/viniciustormin/02 Areas/UFG/Visão Computacional/LipNet-PyTorch-Transformer/.venv/lib/python3.13/site-packages/face_alignment/api.py:130: UserWarning: Compiling face alignment model (one-time cost). Subsequent runs will be faster.
  warnings.warn(
/Users/viniciustormin/02 Areas/UFG/Visão Computacional/LipNet-PyTorch-Transformer/.venv/lib/python3.13/site-packages/face_alignment/api.py:130: UserWarning: Compiling face alignment model (one-time cost). Subsequent runs will be faster.
  warnings.warn(
/Users/viniciustormin/02 Areas/UFG/Visão Computacional/LipNet-PyTorch-Transformer/.venv/lib/python3.13/site-packages/face_alignment/api.py:130: UserWarning: Compiling face alignment model (one-time cost). Subsequent runs will be faster.
  warnings.warn(
/Users/viniciustormin/02 Areas/UFG/Visão Computacional/LipNet-PyTorch-Transformer/.venv/lib/python3.13/site-packages/face_alignment/api.py:130: UserWarning: Compiling face alignment model (one-time cost). Subsequent runs will be faster.
  warnings.warn(
/Users/viniciustormin/02 Areas/UFG/Visão Computacional/LipNet-PyTorch-Transformer/.venv/lib/python3.13/site-packages/face_alignment/api.py:130: UserWarning: Compiling face alignment model (one-time cost). Subsequent runs will be faster.
  warnings.warn(
/Users/viniciustormin/02 Areas/UFG/Visão Computacional/LipNet-PyTorch-Transformer/.venv/lib/python3.13/site-packages/face_alignment/api.py:130: UserWarning: Compiling face alignment model (one-time cost). Subsequent runs will be faster.
  warnings.warn(
/Users/viniciustormin/02 Areas/UFG/Visão Computacional/LipNet-PyTorch-Transformer/.venv/lib/python3.13/site-packages/face_alignment/api.py:130: UserWarning: Compiling face alignment model (one-time cost). Subsequent runs will be faster.
  warnings.warn(
/Users/viniciustormin/02 Areas/UFG/Visão Computacional/LipNet-PyTorch-Transformer/.venv/lib/python3.13/site-packages/face_alignment/api.py:130: UserWarning: Compiling face alignment model (one-time cost). Subsequent runs will be faster.
  warnings.warn(
/Users/viniciustormin/02 Areas/UFG/Visão Computacional/LipNet-PyTorch-Transformer/.venv/lib/python3.13/site-packages/face_alignment/api.py:130: UserWarning: Compiling face alignment model (one-time cost). Subsequent runs will be faster.
  warnings.warn(
/Users/viniciustormin/02 Areas/UFG/Visão Computacional/LipNet-PyTorch-Transformer/.venv/lib/python3.13/site-packages/face_alignment/api.py:130: UserWarning: Compiling face alignment model (one-time cost). Subsequent runs will be faster.
  warnings.warn(
/Users/viniciustormin/02 Areas/UFG/Visão Computacional/LipNet-PyTorch-Transformer/.venv/lib/python3.13/site-packages/face_alignment/api.py:130: UserWarning: Compiling face alignment model (one-time cost). Subsequent runs will be faster.
  warnings.warn(
/Users/viniciustormin/02 Areas/UFG/Visão Computacional/LipNet-PyTorch-Transformer/.venv/lib/python3.13/site-packages/face_alignment/api.py:130: UserWarning: Compiling face alignment model (one-time cost). Subsequent runs will be faster.
  warnings.warn(
/Users/viniciustormin/02 Areas/UFG/Visão Computacional/LipNet-PyTorch-Transformer/.venv/lib/python3.13/site-packages/face_alignment/api.py:130: UserWarning: Compiling face alignment model (one-time cost). Subsequent runs will be faster.
  warnings.warn(
/Users/viniciustormin/02 Areas/UFG/Visão Computacional/LipNet-PyTorch-Transformer/.venv/lib/python3.13/site-packages/face_alignment/api.py:130: UserWarning: Compiling face alignment model (one-time cost). Subsequent runs will be faster.
  warnings.warn(
/Users/viniciustormin/02 Areas/UFG/Visão Computacional/LipNet-PyTorch-Transformer/.venv/lib/python3.13/site-packages/face_alignment/api.py:130: UserWarning: Compiling face alignment model (one-time cost). Subsequent runs will be faster.
  warnings.warn(
/Users/viniciustormin/02 Areas/UFG/Visão Computacional/LipNet-PyTorch-Transformer/.venv/lib/python3.13/site-packages/face_alignment/api.py:130: UserWarning: Compiling face alignment model (one-time cost). Subsequent runs will be faster.
  warnings.warn(
/Users/viniciustormin/02 Areas/UFG/Visão Computacional/LipNet-PyTorch-Transformer/.venv/lib/python3.13/site-packages/face_alignment/api.py:130: UserWarning: Compiling face alignment model (one-time cost). Subsequent runs will be faster.
  warnings.warn(
/Users/viniciustormin/02 Areas/UFG/Visão Computacional/LipNet-PyTorch-Transformer/.venv/lib/python3.13/site-packages/face_alignment/api.py:130: UserWarning: Compiling face alignment model (one-time cost). Subsequent runs will be faster.
  warnings.warn(
/Users/viniciustormin/02 Areas/UFG/Visão Computacional/LipNet-PyTorch-Transformer/.venv/lib/python3.13/site-packages/face_alignment/api.py:130: UserWarning: Compiling face alignment model (one-time cost). Subsequent runs will be faster.
  warnings.warn(
/Users/viniciustormin/02 Areas/UFG/Visão Computacional/LipNet-PyTorch-Transformer/.venv/lib/python3.13/site-packages/face_alignment/api.py:130: UserWarning: Compiling face alignment model (one-time cost). Subsequent runs will be faster.
  warnings.warn(
/Users/viniciustormin/02 Areas/UFG/Visão Computacional/LipNet-PyTorch-Transformer/.venv/lib/python3.13/site-packages/face_alignment/api.py:130: UserWarning: Compiling face alignment model (one-time cost). Subsequent runs will be faster.
  warnings.warn(
/Users/viniciustormin/02 Areas/UFG/Visão Computacional/LipNet-PyTorch-Transformer/.venv/lib/python3.13/site-packages/face_alignment/api.py:130: UserWarning: Compiling face alignment model (one-time cost). Subsequent runs will be faster.
  warnings.warn(
/Users/viniciustormin/02 Areas/UFG/Visão Computacional/LipNet-PyTorch-Transformer/.venv/lib/python3.13/site-packages/face_alignment/api.py:130: UserWarning: Compiling face alignment model (one-time cost). Subsequent runs will be faster.
  warnings.warn(
/Users/viniciustormin/02 Areas/UFG/Visão Computacional/LipNet-PyTorch-Transformer/.venv/lib/python3.13/site-packages/face_alignment/api.py:130: UserWarning: Compiling face alignment model (one-time cost). Subsequent runs will be faster.
  warnings.warn(
/Users/viniciustormin/02 Areas/UFG/Visão Computacional/LipNet-PyTorch-Transformer/.venv/lib/python3.13/site-packages/face_alignment/api.py:130: UserWarning: Compiling face alignment model (one-time cost). Subsequent runs will be faster.
  warnings.warn(
/Users/viniciustormin/02 Areas/UFG/Visão Computacional/LipNet-PyTorch-Transformer/.venv/lib/python3.13/site-packages/face_alignment/api.py:130: UserWarning: Compiling face alignment model (one-time cost). Subsequent runs will be faster.
  warnings.warn(
/Users/viniciustormin/02 Areas/UFG/Visão Computacional/LipNet-PyTorch-Transformer/.venv/lib/python3.13/site-packages/face_alignment/api.py:130: UserWarning: Compiling face alignment model (one-time cost). Subsequent runs will be faster.
  warnings.warn(
/Users/viniciustormin/02 Areas/UFG/Visão Computacional/LipNet-PyTorch-Transformer/.venv/lib/python3.13/site-packages/face_alignment/api.py:130: UserWarning: Compiling face alignment model (one-time cost). Subsequent runs will be faster.
  warnings.warn(
/Users/viniciustormin/02 Areas/UFG/Visão Computacional/LipNet-PyTorch-Transformer/.venv/lib/python3.13/site-packages/face_alignment/api.py:130: UserWarning: Compiling face alignment model (one-time cost). Subsequent runs will be faster.
  warnings.warn(
/Users/viniciustormin/02 Areas/UFG/Visão Computacional/LipNet-PyTorch-Transformer/.venv/lib/python3.13/site-packages/face_alignment/api.py:130: UserWarning: Compiling face alignment model (one-time cost). Subsequent runs will be faster.
  warnings.warn(
/Users/viniciustormin/02 Areas/UFG/Visão Computacional/LipNet-PyTorch-Transformer/.venv/lib/python3.13/site-packages/face_alignment/api.py:130: UserWarning: Compiling face alignment model (one-time cost). Subsequent runs will be faster.
  warnings.warn(
/Users/viniciustormin/02 Areas/UFG/Visão Computacional/LipNet-PyTorch-Transformer/.venv/lib/python3.13/site-packages/face_alignment/api.py:130: UserWarning: Compiling face alignment model (one-time cost). Subsequent runs will be faster.
  warnings.warn(
/Users/viniciustormin/02 Areas/UFG/Visão Computacional/LipNet-PyTorch-Transformer/.venv/lib/python3.13/site-packages/face_alignment/api.py:130: UserWarning: Compiling face alignment model (one-time cost). Subsequent runs will be faster.
  warnings.warn(
/Users/viniciustormin/02 Areas/UFG/Visão Computacional/LipNet-PyTorch-Transformer/.venv/lib/python3.13/site-packages/face_alignment/api.py:130: UserWarning: Compiling face alignment model (one-time cost). Subsequent runs will be faster.
  warnings.warn(
/Users/viniciustormin/02 Areas/UFG/Visão Computacional/LipNet-PyTorch-Transformer/.venv/lib/python3.13/site-packages/face_alignment/api.py:130: UserWarning: Compiling face alignment model (one-time cost). Subsequent runs will be faster.
  warnings.warn(
/Users/viniciustormin/02 Areas/UFG/Visão Computacional/LipNet-PyTorch-Transformer/.venv/lib/python3.13/site-packages/face_alignment/api.py:130: UserWarning: Compiling face alignment model (one-time cost). Subsequent runs will be faster.
  warnings.warn(
/Users/viniciustormin/02 Areas/UFG/Visão Computacional/LipNet-PyTorch-Transformer/.venv/lib/python3.13/site-packages/face_alignment/api.py:130: UserWarning: Compiling face alignment model (one-time cost). Subsequent runs will be faster.
  warnings.warn(
/Users/viniciustormin/02 Areas/UFG/Visão Computacional/LipNet-PyTorch-Transformer/.venv/lib/python3.13/site-packages/face_alignment/api.py:130: UserWarning: Compiling face alignment model (one-time cost). Subsequent runs will be faster.
  warnings.warn(
/Users/viniciustormin/02 Areas/UFG/Visão Computacional/LipNet-PyTorch-Transformer/.venv/lib/python3.13/site-packages/face_alignment/api.py:130: UserWarning: Compiling face alignment model (one-time cost). Subsequent runs will be faster.
  warnings.warn(
/Users/viniciustormin/02 Areas/UFG/Visão Computacional/LipNet-PyTorch-Transformer/.venv/lib/python3.13/site-packages/face_alignment/api.py:130: UserWarning: Compiling face alignment model (one-time cost). Subsequent runs will be faster.
  warnings.warn(
/Users/viniciustormin/02 Areas/UFG/Visão Computacional/LipNet-PyTorch-Transformer/.venv/lib/python3.13/site-packages/face_alignment/api.py:130: UserWarning: Compiling face alignment model (one-time cost). Subsequent runs will be faster.
  warnings.warn(
/Users/viniciustormin/02 Areas/UFG/Visão Computacional/LipNet-PyTorch-Transformer/.venv/lib/python3.13/site-packages/face_alignment/api.py:130: UserWarning: Compiling face alignment model (one-time cost). Subsequent runs will be faster.
  warnings.warn(
/Users/viniciustormin/02 Areas/UFG/Visão Computacional/LipNet-PyTorch-Transformer/.venv/lib/python3.13/site-packages/face_alignment/api.py:130: UserWarning: Compiling face alignment model (one-time cost). Subsequent runs will be faster.
  warnings.warn(
/Users/viniciustormin/02 Areas/UFG/Visão Computacional/LipNet-PyTorch-Transformer/.venv/lib/python3.13/site-packages/face_alignment/api.py:130: UserWarning: Compiling face alignment model (one-time cost). Subsequent runs will be faster.
  warnings.warn(
/Users/viniciustormin/02 Areas/UFG/Visão Computacional/LipNet-PyTorch-Transformer/.venv/lib/python3.13/site-packages/face_alignment/api.py:130: UserWarning: Compiling face alignment model (one-time cost). Subsequent runs will be faster.
  warnings.warn(
/Users/viniciustormin/02 Areas/UFG/Visão Computacional/LipNet-PyTorch-Transformer/.venv/lib/python3.13/site-packages/face_alignment/api.py:130: UserWarning: Compiling face alignment model (one-time cost). Subsequent runs will be faster.
  warnings.warn(
/Users/viniciustormin/02 Areas/UFG/Visão Computacional/LipNet-PyTorch-Transformer/.venv/lib/python3.13/site-packages/face_alignment/api.py:130: UserWarning: Compiling face alignment model (one-time cost). Subsequent runs will be faster.
  warnings.warn(
/Users/viniciustormin/02 Areas/UFG/Visão Computacional/LipNet-PyTorch-Transformer/.venv/lib/python3.13/site-packages/face_alignment/api.py:130: UserWarning: Compiling face alignment model (one-time cost). Subsequent runs will be faster.
  warnings.warn(
/Users/viniciustormin/02 Areas/UFG/Visão Computacional/LipNet-PyTorch-Transformer/.venv/lib/python3.13/site-packages/face_alignment/api.py:130: UserWarning: Compiling face alignment model (one-time cost). Subsequent runs will be faster.
  warnings.warn(
/Users/viniciustormin/02 Areas/UFG/Visão Computacional/LipNet-PyTorch-Transformer/.venv/lib/python3.13/site-packages/face_alignment/api.py:130: UserWarning: Compiling face alignment model (one-time cost). Subsequent runs will be faster.
  warnings.warn(
/Users/viniciustormin/02 Areas/UFG/Visão Computacional/LipNet-PyTorch-Transformer/.venv/lib/python3.13/site-packages/face_alignment/api.py:130: UserWarning: Compiling face alignment model (one-time cost). Subsequent runs will be faster.
  warnings.warn(
/Users/viniciustormin/02 Areas/UFG/Visão Computacional/LipNet-PyTorch-Transformer/.venv/lib/python3.13/site-packages/face_alignment/api.py:130: UserWarning: Compiling face alignment model (one-time cost). Subsequent runs will be faster.
  warnings.warn(
/Users/viniciustormin/02 Areas/UFG/Visão Computacional/LipNet-PyTorch-Transformer/.venv/lib/python3.13/site-packages/face_alignment/api.py:130: UserWarning: Compiling face alignment model (one-time cost). Subsequent runs will be faster.
  warnings.warn(
/Users/viniciustormin/02 Areas/UFG/Visão Computacional/LipNet-PyTorch-Transformer/.venv/lib/python3.13/site-packages/face_alignment/api.py:130: UserWarning: Compiling face alignment model (one-time cost). Subsequent runs will be faster.
  warnings.warn(
/Users/viniciustormin/02 Areas/UFG/Visão Computacional/LipNet-PyTorch-Transformer/.venv/lib/python3.13/site-packages/face_alignment/api.py:130: UserWarning: Compiling face alignment model (one-time cost). Subsequent runs will be faster.
  warnings.warn(
/Users/viniciustormin/02 Areas/UFG/Visão Computacional/LipNet-PyTorch-Transformer/.venv/lib/python3.13/site-packages/face_alignment/api.py:130: UserWarning: Compiling face alignment model (one-time cost). Subsequent runs will be faster.
  warnings.warn(
/Users/viniciustormin/02 Areas/UFG/Visão Computacional/LipNet-PyTorch-Transformer/.venv/lib/python3.13/site-packages/face_alignment/api.py:130: UserWarning: Compiling face alignment model (one-time cost). Subsequent runs will be faster.
  warnings.warn(
/Users/viniciustormin/02 Areas/UFG/Visão Computacional/LipNet-PyTorch-Transformer/.venv/lib/python3.13/site-packages/face_alignment/api.py:130: UserWarning: Compiling face alignment model (one-time cost). Subsequent runs will be faster.
  warnings.warn(
/Users/viniciustormin/02 Areas/UFG/Visão Computacional/LipNet-PyTorch-Transformer/.venv/lib/python3.13/site-packages/face_alignment/api.py:130: UserWarning: Compiling face alignment model (one-time cost). Subsequent runs will be faster.
  warnings.warn(
/Users/viniciustormin/02 Areas/UFG/Visão Computacional/LipNet-PyTorch-Transformer/.venv/lib/python3.13/site-packages/face_alignment/api.py:130: UserWarning: Compiling face alignment model (one-time cost). Subsequent runs will be faster.
  warnings.warn(
/Users/viniciustormin/02 Areas/UFG/Visão Computacional/LipNet-PyTorch-Transformer/.venv/lib/python3.13/site-packages/face_alignment/api.py:130: UserWarning: Compiling face alignment model (one-time cost). Subsequent runs will be faster.
  warnings.warn(
/Users/viniciustormin/02 Areas/UFG/Visão Computacional/LipNet-PyTorch-Transformer/.venv/lib/python3.13/site-packages/face_alignment/api.py:130: UserWarning: Compiling face alignment model (one-time cost). Subsequent runs will be faster.
  warnings.warn(
/Users/viniciustormin/02 Areas/UFG/Visão Computacional/LipNet-PyTorch-Transformer/.venv/lib/python3.13/site-packages/face_alignment/api.py:130: UserWarning: Compiling face alignment model (one-time cost). Subsequent runs will be faster.
  warnings.warn(
/Users/viniciustormin/02 Areas/UFG/Visão Computacional/LipNet-PyTorch-Transformer/.venv/lib/python3.13/site-packages/face_alignment/api.py:130: UserWarning: Compiling face alignment model (one-time cost). Subsequent runs will be faster.
  warnings.warn(
/Users/viniciustormin/02 Areas/UFG/Visão Computacional/LipNet-PyTorch-Transformer/.venv/lib/python3.13/site-packages/face_alignment/api.py:130: UserWarning: Compiling face alignment model (one-time cost). Subsequent runs will be faster.
  warnings.warn(
/Users/viniciustormin/02 Areas/UFG/Visão Computacional/LipNet-PyTorch-Transformer/.venv/lib/python3.13/site-packages/face_alignment/api.py:130: UserWarning: Compiling face alignment model (one-time cost). Subsequent runs will be faster.
  warnings.warn(
/Users/viniciustormin/02 Areas/UFG/Visão Computacional/LipNet-PyTorch-Transformer/.venv/lib/python3.13/site-packages/face_alignment/api.py:130: UserWarning: Compiling face alignment model (one-time cost). Subsequent runs will be faster.
  warnings.warn(
/Users/viniciustormin/02 Areas/UFG/Visão Computacional/LipNet-PyTorch-Transformer/.venv/lib/python3.13/site-packages/face_alignment/api.py:130: UserWarning: Compiling face alignment model (one-time cost). Subsequent runs will be faster.
  warnings.warn(
/Users/viniciustormin/02 Areas/UFG/Visão Computacional/LipNet-PyTorch-Transformer/.venv/lib/python3.13/site-packages/face_alignment/api.py:130: UserWarning: Compiling face alignment model (one-time cost). Subsequent runs will be faster.
  warnings.warn(
/Users/viniciustormin/02 Areas/UFG/Visão Computacional/LipNet-PyTorch-Transformer/.venv/lib/python3.13/site-packages/face_alignment/api.py:130: UserWarning: Compiling face alignment model (one-time cost). Subsequent runs will be faster.
  warnings.warn(
/Users/viniciustormin/02 Areas/UFG/Visão Computacional/LipNet-PyTorch-Transformer/.venv/lib/python3.13/site-packages/face_alignment/api.py:130: UserWarning: Compiling face alignment model (one-time cost). Subsequent runs will be faster.
  warnings.warn(
/Users/viniciustormin/02 Areas/UFG/Visão Computacional/LipNet-PyTorch-Transformer/.venv/lib/python3.13/site-packages/face_alignment/api.py:130: UserWarning: Compiling face alignment model (one-time cost). Subsequent runs will be faster.
  warnings.warn(
/Users/viniciustormin/02 Areas/UFG/Visão Computacional/LipNet-PyTorch-Transformer/.venv/lib/python3.13/site-packages/face_alignment/api.py:130: UserWarning: Compiling face alignment model (one-time cost). Subsequent runs will be faster.
  warnings.warn(
/Users/viniciustormin/02 Areas/UFG/Visão Computacional/LipNet-PyTorch-Transformer/.venv/lib/python3.13/site-packages/face_alignment/api.py:130: UserWarning: Compiling face alignment model (one-time cost). Subsequent runs will be faster.
  warnings.warn(
/Users/viniciustormin/02 Areas/UFG/Visão Computacional/LipNet-PyTorch-Transformer/.venv/lib/python3.13/site-packages/face_alignment/api.py:130: UserWarning: Compiling face alignment model (one-time cost). Subsequent runs will be faster.
  warnings.warn(
/Users/viniciustormin/02 Areas/UFG/Visão Computacional/LipNet-PyTorch-Transformer/.venv/lib/python3.13/site-packages/face_alignment/api.py:130: UserWarning: Compiling face alignment model (one-time cost). Subsequent runs will be faster.
  warnings.warn(
/Users/viniciustormin/02 Areas/UFG/Visão Computacional/LipNet-PyTorch-Transformer/.venv/lib/python3.13/site-packages/face_alignment/api.py:130: UserWarning: Compiling face alignment model (one-time cost). Subsequent runs will be faster.
  warnings.warn(
/Users/viniciustormin/02 Areas/UFG/Visão Computacional/LipNet-PyTorch-Transformer/.venv/lib/python3.13/site-packages/face_alignment/api.py:130: UserWarning: Compiling face alignment model (one-time cost). Subsequent runs will be faster.
  warnings.warn(
/Users/viniciustormin/02 Areas/UFG/Visão Computacional/LipNet-PyTorch-Transformer/.venv/lib/python3.13/site-packages/face_alignment/api.py:130: UserWarning: Compiling face alignment model (one-time cost). Subsequent runs will be faster.
  warnings.warn(
/Users/viniciustormin/02 Areas/UFG/Visão Computacional/LipNet-PyTorch-Transformer/.venv/lib/python3.13/site-packages/face_alignment/api.py:130: UserWarning: Compiling face alignment model (one-time cost). Subsequent runs will be faster.
  warnings.warn(
/Users/viniciustormin/02 Areas/UFG/Visão Computacional/LipNet-PyTorch-Transformer/.venv/lib/python3.13/site-packages/face_alignment/api.py:130: UserWarning: Compiling face alignment model (one-time cost). Subsequent runs will be faster.
  warnings.warn(
/Users/viniciustormin/02 Areas/UFG/Visão Computacional/LipNet-PyTorch-Transformer/.venv/lib/python3.13/site-packages/face_alignment/api.py:130: UserWarning: Compiling face alignment model (one-time cost). Subsequent runs will be faster.
  warnings.warn(
/Users/viniciustormin/02 Areas/UFG/Visão Computacional/LipNet-PyTorch-Transformer/.venv/lib/python3.13/site-packages/face_alignment/api.py:130: UserWarning: Compiling face alignment model (one-time cost). Subsequent runs will be faster.
  warnings.warn(
/Users/viniciustormin/02 Areas/UFG/Visão Computacional/LipNet-PyTorch-Transformer/.venv/lib/python3.13/site-packages/face_alignment/api.py:130: UserWarning: Compiling face alignment model (one-time cost). Subsequent runs will be faster.
  warnings.warn(
/Users/viniciustormin/02 Areas/UFG/Visão Computacional/LipNet-PyTorch-Transformer/.venv/lib/python3.13/site-packages/face_alignment/api.py:130: UserWarning: Compiling face alignment model (one-time cost). Subsequent runs will be faster.
  warnings.warn(
/Users/viniciustormin/02 Areas/UFG/Visão Computacional/LipNet-PyTorch-Transformer/.venv/lib/python3.13/site-packages/face_alignment/api.py:130: UserWarning: Compiling face alignment model (one-time cost). Subsequent runs will be faster.
  warnings.warn(
/Users/viniciustormin/02 Areas/UFG/Visão Computacional/LipNet-PyTorch-Transformer/.venv/lib/python3.13/site-packages/face_alignment/api.py:130: UserWarning: Compiling face alignment model (one-time cost). Subsequent runs will be faster.
  warnings.warn(
/Users/viniciustormin/02 Areas/UFG/Visão Computacional/LipNet-PyTorch-Transformer/.venv/lib/python3.13/site-packages/face_alignment/api.py:130: UserWarning: Compiling face alignment model (one-time cost). Subsequent runs will be faster.
  warnings.warn(
/Users/viniciustormin/02 Areas/UFG/Visão Computacional/LipNet-PyTorch-Transformer/.venv/lib/python3.13/site-packages/face_alignment/api.py:130: UserWarning: Compiling face alignment model (one-time cost). Subsequent runs will be faster.
  warnings.warn(
/Users/viniciustormin/02 Areas/UFG/Visão Computacional/LipNet-PyTorch-Transformer/.venv/lib/python3.13/site-packages/face_alignment/api.py:130: UserWarning: Compiling face alignment model (one-time cost). Subsequent runs will be faster.
  warnings.warn(
/Users/viniciustormin/02 Areas/UFG/Visão Computacional/LipNet-PyTorch-Transformer/.venv/lib/python3.13/site-packages/face_alignment/api.py:130: UserWarning: Compiling face alignment model (one-time cost). Subsequent runs will be faster.
  warnings.warn(
/Users/viniciustormin/02 Areas/UFG/Visão Computacional/LipNet-PyTorch-Transformer/.venv/lib/python3.13/site-packages/face_alignment/api.py:130: UserWarning: Compiling face alignment model (one-time cost). Subsequent runs will be faster.
  warnings.warn(
/Users/viniciustormin/02 Areas/UFG/Visão Computacional/LipNet-PyTorch-Transformer/.venv/lib/python3.13/site-packages/face_alignment/api.py:130: UserWarning: Compiling face alignment model (one-time cost). Subsequent runs will be faster.
  warnings.warn(
/Users/viniciustormin/02 Areas/UFG/Visão Computacional/LipNet-PyTorch-Transformer/.venv/lib/python3.13/site-packages/face_alignment/api.py:130: UserWarning: Compiling face alignment model (one-time cost). Subsequent runs will be faster.
  warnings.warn(
/Users/viniciustormin/02 Areas/UFG/Visão Computacional/LipNet-PyTorch-Transformer/.venv/lib/python3.13/site-packages/face_alignment/api.py:130: UserWarning: Compiling face alignment model (one-time cost). Subsequent runs will be faster.
  warnings.warn(
/Users/viniciustormin/02 Areas/UFG/Visão Computacional/LipNet-PyTorch-Transformer/.venv/lib/python3.13/site-packages/face_alignment/api.py:130: UserWarning: Compiling face alignment model (one-time cost). Subsequent runs will be faster.
  warnings.warn(
/Users/viniciustormin/02 Areas/UFG/Visão Computacional/LipNet-PyTorch-Transformer/.venv/lib/python3.13/site-packages/face_alignment/api.py:130: UserWarning: Compiling face alignment model (one-time cost). Subsequent runs will be faster.
  warnings.warn(
/Users/viniciustormin/02 Areas/UFG/Visão Computacional/LipNet-PyTorch-Transformer/.venv/lib/python3.13/site-packages/face_alignment/api.py:130: UserWarning: Compiling face alignment model (one-time cost). Subsequent runs will be faster.
  warnings.warn(
/Users/viniciustormin/02 Areas/UFG/Visão Computacional/LipNet-PyTorch-Transformer/.venv/lib/python3.13/site-packages/face_alignment/api.py:130: UserWarning: Compiling face alignment model (one-time cost). Subsequent runs will be faster.
  warnings.warn(
/Users/viniciustormin/02 Areas/UFG/Visão Computacional/LipNet-PyTorch-Transformer/.venv/lib/python3.13/site-packages/face_alignment/api.py:130: UserWarning: Compiling face alignment model (one-time cost). Subsequent runs will be faster.
  warnings.warn(
/Users/viniciustormin/02 Areas/UFG/Visão Computacional/LipNet-PyTorch-Transformer/.venv/lib/python3.13/site-packages/face_alignment/api.py:130: UserWarning: Compiling face alignment model (one-time cost). Subsequent runs will be faster.
  warnings.warn(
/Users/viniciustormin/02 Areas/UFG/Visão Computacional/LipNet-PyTorch-Transformer/.venv/lib/python3.13/site-packages/face_alignment/api.py:130: UserWarning: Compiling face alignment model (one-time cost). Subsequent runs will be faster.
  warnings.warn(
[167/1000] video/mpg_6000/brwa4p: OK (63 frames)
[168/1000] video/mpg_6000/brwa5a: OK (75 frames)
[169/1000] video/mpg_6000/brwg6n: OK (75 frames)
[170/1000] video/mpg_6000/brwg7s: OK (75 frames)
[171/1000] video/mpg_6000/brwg8p: OK (64 frames)
[172/1000] video/mpg_6000/brwg9a: OK (75 frames)
[173/1000] video/mpg_6000/brwn1s: OK (75 frames)
[174/1000] video/mpg_6000/brwn2p: OK (75 frames)
[175/1000] video/mpg_6000/brwn3a: OK (75 frames)
[176/1000] video/mpg_6000/brwnzn: OK (75 frames)
[177/1000] video/mpg_6000/brwt4n: OK (75 frames)
[178/1000] video/mpg_6000/brwt5s: OK (75 frames)
[179/1000] video/mpg_6000/brwt6p: OK (75 frames)
[180/1000] video/mpg_6000/brwt7a: OK (75 frames)
[181/1000] video/mpg_6000/bwaa1s: OK (75 frames)
[182/1000] video/mpg_6000/bwaa2p: OK (75 frames)
[183/1000] video/mpg_6000/bwaa3a: OK (75 frames)
[184/1000] video/mpg_6000/bwaazn: OK (75 frames)
[185/1000] video/mpg_6000/bwag4n: OK (75 frames)
[186/1000] video/mpg_6000/bwag5s: OK (75 frames)
[187/1000] video/mpg_6000/bwag6p: OK (75 frames)
[188/1000] video/mpg_6000/bwag7a: OK (75 frames)
[189/1000] video/mpg_6000/bwam8n: OK (75 frames)
[190/1000] video/mpg_6000/bwam9s: OK (75 frames)
[191/1000] video/mpg_6000/bwan1a: OK (75 frames)
[192/1000] video/mpg_6000/bwanzp: OK (75 frames)
[193/1000] video/mpg_6000/bwat2n: OK (75 frames)
[194/1000] video/mpg_6000/bwat3s: OK (75 frames)
[195/1000] video/mpg_6000/bwat4p: OK (75 frames)
[196/1000] video/mpg_6000/bwat5a: OK (75 frames)
[197/1000] video/mpg_6000/bwba4n: OK (75 frames)
[198/1000] video/mpg_6000/bwba5s: OK (75 frames)
[199/1000] video/mpg_6000/bwba6p: OK (75 frames)
[200/1000] video/mpg_6000/bwba7a: OK (75 frames)
[201/1000] video/mpg_6000/bwbg8n: OK (75 frames)
[202/1000] video/mpg_6000/bwbg9s: OK (75 frames)
[203/1000] video/mpg_6000/bwbh1a: OK (75 frames)
[204/1000] video/mpg_6000/bwbhzp: OK (75 frames)
[205/1000] video/mpg_6000/bwbn2n: OK (75 frames)
[206/1000] video/mpg_6000/bwbn3s: OK (75 frames)
[207/1000] video/mpg_6000/bwbn4p: OK (75 frames)
[208/1000] video/mpg_6000/bwbn5a: OK (75 frames)
[209/1000] video/mpg_6000/bwbt6n: OK (75 frames)
[210/1000] video/mpg_6000/bwbt7s: OK (75 frames)
[211/1000] video/mpg_6000/bwbt8p: OK (75 frames)
[212/1000] video/mpg_6000/bwbt9a: OK (75 frames)
[213/1000] video/mpg_6000/bwig1s: OK (75 frames)
[214/1000] video/mpg_6000/bwig2p: OK (75 frames)
[215/1000] video/mpg_6000/bwig3a: OK (75 frames)
[216/1000] video/mpg_6000/bwigzn: OK (75 frames)
[217/1000] video/mpg_6000/bwim4n: OK (75 frames)
[218/1000] video/mpg_6000/bwim5s: OK (75 frames)
[219/1000] video/mpg_6000/bwim6p: OK (75 frames)
[220/1000] video/mpg_6000/bwim7a: OK (75 frames)
[221/1000] video/mpg_6000/bwis8n: OK (75 frames)
[222/1000] video/mpg_6000/bwis9s: OK (75 frames)
[223/1000] video/mpg_6000/bwit1a: OK (75 frames)
[224/1000] video/mpg_6000/bwitzp: OK (75 frames)
[225/1000] video/mpg_6000/bwwa8n: OK (75 frames)
[226/1000] video/mpg_6000/bwwa9s: OK (75 frames)
[227/1000] video/mpg_6000/bwwb1a: OK (75 frames)
[228/1000] video/mpg_6000/bwwbzp: OK (75 frames)
[229/1000] video/mpg_6000/bwwh2n: OK (75 frames)
[230/1000] video/mpg_6000/bwwh3s: OK (75 frames)
[231/1000] video/mpg_6000/bwwh4p: OK (75 frames)
[232/1000] video/mpg_6000/bwwh5a: OK (75 frames)
[233/1000] video/mpg_6000/bwwn6n: OK (75 frames)
[234/1000] video/mpg_6000/bwwn7s: OK (75 frames)
[235/1000] video/mpg_6000/bwwn8p: OK (75 frames)
[236/1000] video/mpg_6000/bwwn9a: OK (75 frames)
[237/1000] video/mpg_6000/bwwu1s: OK (75 frames)
[238/1000] video/mpg_6000/bwwu2p: OK (75 frames)
[239/1000] video/mpg_6000/bwwu3a: OK (75 frames)
[240/1000] video/mpg_6000/bwwuzn: OK (63 frames)
[241/1000] video/mpg_6000/lbad6n: OK (75 frames)
[242/1000] video/mpg_6000/lbad7s: OK (75 frames)
[243/1000] video/mpg_6000/lbad8p: OK (75 frames)
[244/1000] video/mpg_6000/lbad9a: OK (75 frames)
[245/1000] video/mpg_6000/lbak1s: OK (75 frames)
[246/1000] video/mpg_6000/lbak2p: OK (75 frames)
[247/1000] video/mpg_6000/lbak3a: OK (75 frames)
[248/1000] video/mpg_6000/lbakzn: OK (75 frames)
[249/1000] video/mpg_6000/lbaq4n: OK (75 frames)
[250/1000] video/mpg_6000/lbaq5s: OK (75 frames)
[251/1000] video/mpg_6000/lbaq6p: OK (75 frames)
[252/1000] video/mpg_6000/lbaq7a: OK (75 frames)
[253/1000] video/mpg_6000/lbax8n: OK (75 frames)
[254/1000] video/mpg_6000/lbax9s: OK (75 frames)
[255/1000] video/mpg_6000/lbay1a: OK (75 frames)
[256/1000] video/mpg_6000/lbayzp: OK (75 frames)
[257/1000] video/mpg_6000/lbbe1s: OK (75 frames)
[258/1000] video/mpg_6000/lbbe2p: OK (75 frames)
[259/1000] video/mpg_6000/lbbe3a: OK (75 frames)
[260/1000] video/mpg_6000/lbbezn: OK (75 frames)
[261/1000] video/mpg_6000/lbbk4n: OK (75 frames)
[262/1000] video/mpg_6000/lbbk5s: OK (75 frames)
[263/1000] video/mpg_6000/lbbk6p: OK (75 frames)
[264/1000] video/mpg_6000/lbbk7a: OK (75 frames)
[265/1000] video/mpg_6000/lbbq8n: OK (75 frames)
[266/1000] video/mpg_6000/lbbq9s: OK (75 frames)
[267/1000] video/mpg_6000/lbbr1a: OK (75 frames)
[268/1000] video/mpg_6000/lbbrzp: OK (75 frames)
[269/1000] video/mpg_6000/lbby2n: OK (75 frames)
[270/1000] video/mpg_6000/lbby3s: OK (75 frames)
[271/1000] video/mpg_6000/lbby4p: OK (75 frames)
[272/1000] video/mpg_6000/lbby5a: OK (75 frames)
[273/1000] video/mpg_6000/lbid2n: OK (75 frames)
[274/1000] video/mpg_6000/lbid3s: OK (75 frames)
[275/1000] video/mpg_6000/lbid4p: OK (75 frames)
[276/1000] video/mpg_6000/lbid5a: OK (75 frames)
[277/1000] video/mpg_6000/lbij6n: OK (75 frames)
[278/1000] video/mpg_6000/lbij7s: OK (75 frames)
[279/1000] video/mpg_6000/lbij8p: OK (75 frames)
[280/1000] video/mpg_6000/lbij9a: OK (75 frames)
[281/1000] video/mpg_6000/lbiq1s: OK (75 frames)
[282/1000] video/mpg_6000/lbiq2p: OK (75 frames)
[283/1000] video/mpg_6000/lbiq3a: OK (75 frames)
[284/1000] video/mpg_6000/lbiqzn: OK (75 frames)
[285/1000] video/mpg_6000/lbix4n: OK (75 frames)
[286/1000] video/mpg_6000/lbix5s: OK (75 frames)
[287/1000] video/mpg_6000/lbix6p: OK (75 frames)
[288/1000] video/mpg_6000/lbix7a: OK (75 frames)
[289/1000] video/mpg_6000/lbwe4n: OK (75 frames)
[290/1000] video/mpg_6000/lbwe5s: OK (75 frames)
[291/1000] video/mpg_6000/lbwe6p: OK (75 frames)
[292/1000] video/mpg_6000/lbwe7a: OK (75 frames)
[293/1000] video/mpg_6000/lbwk8n: OK (75 frames)
[294/1000] video/mpg_6000/lbwk9s: OK (75 frames)
[295/1000] video/mpg_6000/lbwl1a: OK (75 frames)
[296/1000] video/mpg_6000/lbwlzp: OK (75 frames)
[297/1000] video/mpg_6000/lbwr2n: OK (75 frames)
[298/1000] video/mpg_6000/lbwr3s: OK (75 frames)
[299/1000] video/mpg_6000/lbwr4p: OK (75 frames)
[300/1000] video/mpg_6000/lbwr5a: OK (75 frames)
[301/1000] video/mpg_6000/lbwy6n: OK (75 frames)
[302/1000] video/mpg_6000/lbwy7s: OK (75 frames)
[303/1000] video/mpg_6000/lbwy8p: OK (75 frames)
[304/1000] video/mpg_6000/lbwy9a: OK (75 frames)
[305/1000] video/mpg_6000/lgaf4n: OK (75 frames)
[306/1000] video/mpg_6000/lgaf5s: OK (75 frames)
[307/1000] video/mpg_6000/lgaf6p: OK (75 frames)
[308/1000] video/mpg_6000/lgaf7a: OK (75 frames)
[309/1000] video/mpg_6000/lgal8n: OK (75 frames)
[310/1000] video/mpg_6000/lgal9s: OK (75 frames)
[311/1000] video/mpg_6000/lgam1a: OK (75 frames)
[312/1000] video/mpg_6000/lgamzp: OK (75 frames)
[313/1000] video/mpg_6000/lgas2n: OK (75 frames)
[314/1000] video/mpg_6000/lgas3s: OK (75 frames)
[315/1000] video/mpg_6000/lgas4p: OK (75 frames)
[316/1000] video/mpg_6000/lgas5a: OK (75 frames)
[317/1000] video/mpg_6000/lgaz6n: OK (75 frames)
[318/1000] video/mpg_6000/lgaz7s: OK (75 frames)
[319/1000] video/mpg_6000/lgaz8p: OK (75 frames)
[320/1000] video/mpg_6000/lgaz9a: OK (75 frames)
[321/1000] video/mpg_6000/lgbf8n: OK (63 frames)
[322/1000] video/mpg_6000/lgbf9s: OK (75 frames)
[323/1000] video/mpg_6000/lgbg1a: OK (75 frames)
[324/1000] video/mpg_6000/lgbgzp: OK (75 frames)
[325/1000] video/mpg_6000/lgbm2n: OK (75 frames)
[326/1000] video/mpg_6000/lgbm3s: OK (75 frames)
[327/1000] video/mpg_6000/lgbm4p: OK (75 frames)
[328/1000] video/mpg_6000/lgbm5a: OK (75 frames)
[329/1000] video/mpg_6000/lgbs6n: OK (75 frames)
[330/1000] video/mpg_6000/lgbs7s: OK (75 frames)
[331/1000] video/mpg_6000/lgbs8p: OK (75 frames)
[332/1000] video/mpg_6000/lgbs9a: OK (75 frames)
[333/1000] video/mpg_6000/lgif1s: OK (75 frames)
[334/1000] video/mpg_6000/lgif2p: OK (75 frames)/Users/viniciustormin/02 Areas/UFG/Visão Computacional/LipNet-PyTorch-Transformer/.venv/lib/python3.13/site-packages/face_alignment/api.py:130: UserWarning: Compiling face alignment model (one-time cost). Subsequent runs will be faster.
  warnings.warn(
/Users/viniciustormin/02 Areas/UFG/Visão Computacional/LipNet-PyTorch-Transformer/.venv/lib/python3.13/site-packages/face_alignment/api.py:130: UserWarning: Compiling face alignment model (one-time cost). Subsequent runs will be faster.
  warnings.warn(
/Users/viniciustormin/02 Areas/UFG/Visão Computacional/LipNet-PyTorch-Transformer/.venv/lib/python3.13/site-packages/face_alignment/api.py:130: UserWarning: Compiling face alignment model (one-time cost). Subsequent runs will be faster.
  warnings.warn(
/Users/viniciustormin/02 Areas/UFG/Visão Computacional/LipNet-PyTorch-Transformer/.venv/lib/python3.13/site-packages/face_alignment/api.py:130: UserWarning: Compiling face alignment model (one-time cost). Subsequent runs will be faster.
  warnings.warn(
/Users/viniciustormin/02 Areas/UFG/Visão Computacional/LipNet-PyTorch-Transformer/.venv/lib/python3.13/site-packages/face_alignment/api.py:130: UserWarning: Compiling face alignment model (one-time cost). Subsequent runs will be faster.
  warnings.warn(
/Users/viniciustormin/02 Areas/UFG/Visão Computacional/LipNet-PyTorch-Transformer/.venv/lib/python3.13/site-packages/face_alignment/api.py:130: UserWarning: Compiling face alignment model (one-time cost). Subsequent runs will be faster.
  warnings.warn(
/Users/viniciustormin/02 Areas/UFG/Visão Computacional/LipNet-PyTorch-Transformer/.venv/lib/python3.13/site-packages/face_alignment/api.py:130: UserWarning: Compiling face alignment model (one-time cost). Subsequent runs will be faster.
  warnings.warn(
/Users/viniciustormin/02 Areas/UFG/Visão Computacional/LipNet-PyTorch-Transformer/.venv/lib/python3.13/site-packages/face_alignment/api.py:130: UserWarning: Compiling face alignment model (one-time cost). Subsequent runs will be faster.
  warnings.warn(
/Users/viniciustormin/02 Areas/UFG/Visão Computacional/LipNet-PyTorch-Transformer/.venv/lib/python3.13/site-packages/face_alignment/api.py:130: UserWarning: Compiling face alignment model (one-time cost). Subsequent runs will be faster.
  warnings.warn(
/Users/viniciustormin/02 Areas/UFG/Visão Computacional/LipNet-PyTorch-Transformer/.venv/lib/python3.13/site-packages/face_alignment/api.py:130: UserWarning: Compiling face alignment model (one-time cost). Subsequent runs will be faster.
  warnings.warn(
/Users/viniciustormin/02 Areas/UFG/Visão Computacional/LipNet-PyTorch-Transformer/.venv/lib/python3.13/site-packages/face_alignment/api.py:130: UserWarning: Compiling face alignment model (one-time cost). Subsequent runs will be faster.
  warnings.warn(
/Users/viniciustormin/02 Areas/UFG/Visão Computacional/LipNet-PyTorch-Transformer/.venv/lib/python3.13/site-packages/face_alignment/api.py:130: UserWarning: Compiling face alignment model (one-time cost). Subsequent runs will be faster.
  warnings.warn(
/Users/viniciustormin/02 Areas/UFG/Visão Computacional/LipNet-PyTorch-Transformer/.venv/lib/python3.13/site-packages/face_alignment/api.py:130: UserWarning: Compiling face alignment model (one-time cost). Subsequent runs will be faster.
  warnings.warn(
/Users/viniciustormin/02 Areas/UFG/Visão Computacional/LipNet-PyTorch-Transformer/.venv/lib/python3.13/site-packages/face_alignment/api.py:130: UserWarning: Compiling face alignment model (one-time cost). Subsequent runs will be faster.
  warnings.warn(
/Users/viniciustormin/02 Areas/UFG/Visão Computacional/LipNet-PyTorch-Transformer/.venv/lib/python3.13/site-packages/face_alignment/api.py:130: UserWarning: Compiling face alignment model (one-time cost). Subsequent runs will be faster.
  warnings.warn(
/Users/viniciustormin/02 Areas/UFG/Visão Computacional/LipNet-PyTorch-Transformer/.venv/lib/python3.13/site-packages/face_alignment/api.py:130: UserWarning: Compiling face alignment model (one-time cost). Subsequent runs will be faster.
  warnings.warn(
/Users/viniciustormin/02 Areas/UFG/Visão Computacional/LipNet-PyTorch-Transformer/.venv/lib/python3.13/site-packages/face_alignment/api.py:130: UserWarning: Compiling face alignment model (one-time cost). Subsequent runs will be faster.
  warnings.warn(
/Users/viniciustormin/02 Areas/UFG/Visão Computacional/LipNet-PyTorch-Transformer/.venv/lib/python3.13/site-packages/face_alignment/api.py:130: UserWarning: Compiling face alignment model (one-time cost). Subsequent runs will be faster.
  warnings.warn(
/Users/viniciustormin/02 Areas/UFG/Visão Computacional/LipNet-PyTorch-Transformer/.venv/lib/python3.13/site-packages/face_alignment/api.py:130: UserWarning: Compiling face alignment model (one-time cost). Subsequent runs will be faster.
  warnings.warn(
/Users/viniciustormin/02 Areas/UFG/Visão Computacional/LipNet-PyTorch-Transformer/.venv/lib/python3.13/site-packages/face_alignment/api.py:130: UserWarning: Compiling face alignment model (one-time cost). Subsequent runs will be faster.
  warnings.warn(
/Users/viniciustormin/02 Areas/UFG/Visão Computacional/LipNet-PyTorch-Transformer/.venv/lib/python3.13/site-packages/face_alignment/api.py:130: UserWarning: Compiling face alignment model (one-time cost). Subsequent runs will be faster.
  warnings.warn(
/Users/viniciustormin/02 Areas/UFG/Visão Computacional/LipNet-PyTorch-Transformer/.venv/lib/python3.13/site-packages/face_alignment/api.py:130: UserWarning: Compiling face alignment model (one-time cost). Subsequent runs will be faster.
  warnings.warn(
/Users/viniciustormin/02 Areas/UFG/Visão Computacional/LipNet-PyTorch-Transformer/.venv/lib/python3.13/site-packages/face_alignment/api.py:130: UserWarning: Compiling face alignment model (one-time cost). Subsequent runs will be faster.
  warnings.warn(
/Users/viniciustormin/02 Areas/UFG/Visão Computacional/LipNet-PyTorch-Transformer/.venv/lib/python3.13/site-packages/face_alignment/api.py:130: UserWarning: Compiling face alignment model (one-time cost). Subsequent runs will be faster.
  warnings.warn(
/Users/viniciustormin/02 Areas/UFG/Visão Computacional/LipNet-PyTorch-Transformer/.venv/lib/python3.13/site-packages/face_alignment/api.py:130: UserWarning: Compiling face alignment model (one-time cost). Subsequent runs will be faster.
  warnings.warn(
/Users/viniciustormin/02 Areas/UFG/Visão Computacional/LipNet-PyTorch-Transformer/.venv/lib/python3.13/site-packages/face_alignment/api.py:130: UserWarning: Compiling face alignment model (one-time cost). Subsequent runs will be faster.
  warnings.warn(
/Users/viniciustormin/02 Areas/UFG/Visão Computacional/LipNet-PyTorch-Transformer/.venv/lib/python3.13/site-packages/face_alignment/api.py:130: UserWarning: Compiling face alignment model (one-time cost). Subsequent runs will be faster.
  warnings.warn(
/Users/viniciustormin/02 Areas/UFG/Visão Computacional/LipNet-PyTorch-Transformer/.venv/lib/python3.13/site-packages/face_alignment/api.py:130: UserWarning: Compiling face alignment model (one-time cost). Subsequent runs will be faster.
  warnings.warn(
/Users/viniciustormin/02 Areas/UFG/Visão Computacional/LipNet-PyTorch-Transformer/.venv/lib/python3.13/site-packages/face_alignment/api.py:130: UserWarning: Compiling face alignment model (one-time cost). Subsequent runs will be faster.
  warnings.warn(
/Users/viniciustormin/02 Areas/UFG/Visão Computacional/LipNet-PyTorch-Transformer/.venv/lib/python3.13/site-packages/face_alignment/api.py:130: UserWarning: Compiling face alignment model (one-time cost). Subsequent runs will be faster.
  warnings.warn(
/Users/viniciustormin/02 Areas/UFG/Visão Computacional/LipNet-PyTorch-Transformer/.venv/lib/python3.13/site-packages/face_alignment/api.py:215: UserWarning: No faces were detected.
  warnings.warn("No faces were detected.")
/Users/viniciustormin/02 Areas/UFG/Visão Computacional/LipNet-PyTorch-Transformer/.venv/lib/python3.13/site-packages/face_alignment/api.py:130: UserWarning: Compiling face alignment model (one-time cost). Subsequent runs will be faster.
  warnings.warn(
/Users/viniciustormin/02 Areas/UFG/Visão Computacional/LipNet-PyTorch-Transformer/.venv/lib/python3.13/site-packages/face_alignment/api.py:130: UserWarning: Compiling face alignment model (one-time cost). Subsequent runs will be faster.
  warnings.warn(
/Users/viniciustormin/02 Areas/UFG/Visão Computacional/LipNet-PyTorch-Transformer/.venv/lib/python3.13/site-packages/face_alignment/api.py:130: UserWarning: Compiling face alignment model (one-time cost). Subsequent runs will be faster.
  warnings.warn(
/Users/viniciustormin/02 Areas/UFG/Visão Computacional/LipNet-PyTorch-Transformer/.venv/lib/python3.13/site-packages/face_alignment/api.py:130: UserWarning: Compiling face alignment model (one-time cost). Subsequent runs will be faster.
  warnings.warn(
/Users/viniciustormin/02 Areas/UFG/Visão Computacional/LipNet-PyTorch-Transformer/.venv/lib/python3.13/site-packages/face_alignment/api.py:130: UserWarning: Compiling face alignment model (one-time cost). Subsequent runs will be faster.
  warnings.warn(
/Users/viniciustormin/02 Areas/UFG/Visão Computacional/LipNet-PyTorch-Transformer/.venv/lib/python3.13/site-packages/face_alignment/api.py:130: UserWarning: Compiling face alignment model (one-time cost). Subsequent runs will be faster.
  warnings.warn(
/Users/viniciustormin/02 Areas/UFG/Visão Computacional/LipNet-PyTorch-Transformer/.venv/lib/python3.13/site-packages/face_alignment/api.py:130: UserWarning: Compiling face alignment model (one-time cost). Subsequent runs will be faster.
  warnings.warn(
/Users/viniciustormin/02 Areas/UFG/Visão Computacional/LipNet-PyTorch-Transformer/.venv/lib/python3.13/site-packages/face_alignment/api.py:130: UserWarning: Compiling face alignment model (one-time cost). Subsequent runs will be faster.
  warnings.warn(
/Users/viniciustormin/02 Areas/UFG/Visão Computacional/LipNet-PyTorch-Transformer/.venv/lib/python3.13/site-packages/face_alignment/api.py:130: UserWarning: Compiling face alignment model (one-time cost). Subsequent runs will be faster.
  warnings.warn(
/Users/viniciustormin/02 Areas/UFG/Visão Computacional/LipNet-PyTorch-Transformer/.venv/lib/python3.13/site-packages/face_alignment/api.py:130: UserWarning: Compiling face alignment model (one-time cost). Subsequent runs will be faster.
  warnings.warn(
/Users/viniciustormin/02 Areas/UFG/Visão Computacional/LipNet-PyTorch-Transformer/.venv/lib/python3.13/site-packages/face_alignment/api.py:130: UserWarning: Compiling face alignment model (one-time cost). Subsequent runs will be faster.
  warnings.warn(
/Users/viniciustormin/02 Areas/UFG/Visão Computacional/LipNet-PyTorch-Transformer/.venv/lib/python3.13/site-packages/face_alignment/api.py:130: UserWarning: Compiling face alignment model (one-time cost). Subsequent runs will be faster.
  warnings.warn(
/Users/viniciustormin/02 Areas/UFG/Visão Computacional/LipNet-PyTorch-Transformer/.venv/lib/python3.13/site-packages/face_alignment/api.py:130: UserWarning: Compiling face alignment model (one-time cost). Subsequent runs will be faster.
  warnings.warn(
/Users/viniciustormin/02 Areas/UFG/Visão Computacional/LipNet-PyTorch-Transformer/.venv/lib/python3.13/site-packages/face_alignment/api.py:130: UserWarning: Compiling face alignment model (one-time cost). Subsequent runs will be faster.
  warnings.warn(
/Users/viniciustormin/02 Areas/UFG/Visão Computacional/LipNet-PyTorch-Transformer/.venv/lib/python3.13/site-packages/face_alignment/api.py:130: UserWarning: Compiling face alignment model (one-time cost). Subsequent runs will be faster.
  warnings.warn(
/Users/viniciustormin/02 Areas/UFG/Visão Computacional/LipNet-PyTorch-Transformer/.venv/lib/python3.13/site-packages/face_alignment/api.py:130: UserWarning: Compiling face alignment model (one-time cost). Subsequent runs will be faster.
  warnings.warn(
/Users/viniciustormin/02 Areas/UFG/Visão Computacional/LipNet-PyTorch-Transformer/.venv/lib/python3.13/site-packages/face_alignment/api.py:130: UserWarning: Compiling face alignment model (one-time cost). Subsequent runs will be faster.
  warnings.warn(
/Users/viniciustormin/02 Areas/UFG/Visão Computacional/LipNet-PyTorch-Transformer/.venv/lib/python3.13/site-packages/face_alignment/api.py:215: UserWarning: No faces were detected.
  warnings.warn("No faces were detected.")
/Users/viniciustormin/02 Areas/UFG/Visão Computacional/LipNet-PyTorch-Transformer/.venv/lib/python3.13/site-packages/face_alignment/api.py:130: UserWarning: Compiling face alignment model (one-time cost). Subsequent runs will be faster.
  warnings.warn(
/Users/viniciustormin/02 Areas/UFG/Visão Computacional/LipNet-PyTorch-Transformer/.venv/lib/python3.13/site-packages/face_alignment/api.py:130: UserWarning: Compiling face alignment model (one-time cost). Subsequent runs will be faster.
  warnings.warn(
/Users/viniciustormin/02 Areas/UFG/Visão Computacional/LipNet-PyTorch-Transformer/.venv/lib/python3.13/site-packages/face_alignment/api.py:130: UserWarning: Compiling face alignment model (one-time cost). Subsequent runs will be faster.
  warnings.warn(
/Users/viniciustormin/02 Areas/UFG/Visão Computacional/LipNet-PyTorch-Transformer/.venv/lib/python3.13/site-packages/face_alignment/api.py:130: UserWarning: Compiling face alignment model (one-time cost). Subsequent runs will be faster.
  warnings.warn(
/Users/viniciustormin/02 Areas/UFG/Visão Computacional/LipNet-PyTorch-Transformer/.venv/lib/python3.13/site-packages/face_alignment/api.py:130: UserWarning: Compiling face alignment model (one-time cost). Subsequent runs will be faster.
  warnings.warn(
/Users/viniciustormin/02 Areas/UFG/Visão Computacional/LipNet-PyTorch-Transformer/.venv/lib/python3.13/site-packages/face_alignment/api.py:130: UserWarning: Compiling face alignment model (one-time cost). Subsequent runs will be faster.
  warnings.warn(
/Users/viniciustormin/02 Areas/UFG/Visão Computacional/LipNet-PyTorch-Transformer/.venv/lib/python3.13/site-packages/face_alignment/api.py:130: UserWarning: Compiling face alignment model (one-time cost). Subsequent runs will be faster.
  warnings.warn(
/Users/viniciustormin/02 Areas/UFG/Visão Computacional/LipNet-PyTorch-Transformer/.venv/lib/python3.13/site-packages/face_alignment/api.py:130: UserWarning: Compiling face alignment model (one-time cost). Subsequent runs will be faster.
  warnings.warn(
/Users/viniciustormin/02 Areas/UFG/Visão Computacional/LipNet-PyTorch-Transformer/.venv/lib/python3.13/site-packages/face_alignment/api.py:130: UserWarning: Compiling face alignment model (one-time cost). Subsequent runs will be faster.
  warnings.warn(
/Users/viniciustormin/02 Areas/UFG/Visão Computacional/LipNet-PyTorch-Transformer/.venv/lib/python3.13/site-packages/face_alignment/api.py:130: UserWarning: Compiling face alignment model (one-time cost). Subsequent runs will be faster.
  warnings.warn(
/Users/viniciustormin/02 Areas/UFG/Visão Computacional/LipNet-PyTorch-Transformer/.venv/lib/python3.13/site-packages/face_alignment/api.py:130: UserWarning: Compiling face alignment model (one-time cost). Subsequent runs will be faster.
  warnings.warn(
/Users/viniciustormin/02 Areas/UFG/Visão Computacional/LipNet-PyTorch-Transformer/.venv/lib/python3.13/site-packages/face_alignment/api.py:130: UserWarning: Compiling face alignment model (one-time cost). Subsequent runs will be faster.
  warnings.warn(
/Users/viniciustormin/02 Areas/UFG/Visão Computacional/LipNet-PyTorch-Transformer/.venv/lib/python3.13/site-packages/face_alignment/api.py:130: UserWarning: Compiling face alignment model (one-time cost). Subsequent runs will be faster.
  warnings.warn(
/Users/viniciustormin/02 Areas/UFG/Visão Computacional/LipNet-PyTorch-Transformer/.venv/lib/python3.13/site-packages/face_alignment/api.py:130: UserWarning: Compiling face alignment model (one-time cost). Subsequent runs will be faster.
  warnings.warn(
/Users/viniciustormin/02 Areas/UFG/Visão Computacional/LipNet-PyTorch-Transformer/.venv/lib/python3.13/site-packages/face_alignment/api.py:130: UserWarning: Compiling face alignment model (one-time cost). Subsequent runs will be faster.
  warnings.warn(
/Users/viniciustormin/02 Areas/UFG/Visão Computacional/LipNet-PyTorch-Transformer/.venv/lib/python3.13/site-packages/face_alignment/api.py:130: UserWarning: Compiling face alignment model (one-time cost). Subsequent runs will be faster.
  warnings.warn(
/Users/viniciustormin/02 Areas/UFG/Visão Computacional/LipNet-PyTorch-Transformer/.venv/lib/python3.13/site-packages/face_alignment/api.py:130: UserWarning: Compiling face alignment model (one-time cost). Subsequent runs will be faster.
  warnings.warn(
/Users/viniciustormin/02 Areas/UFG/Visão Computacional/LipNet-PyTorch-Transformer/.venv/lib/python3.13/site-packages/face_alignment/api.py:130: UserWarning: Compiling face alignment model (one-time cost). Subsequent runs will be faster.
  warnings.warn(
/Users/viniciustormin/02 Areas/UFG/Visão Computacional/LipNet-PyTorch-Transformer/.venv/lib/python3.13/site-packages/face_alignment/api.py:130: UserWarning: Compiling face alignment model (one-time cost). Subsequent runs will be faster.
  warnings.warn(
/Users/viniciustormin/02 Areas/UFG/Visão Computacional/LipNet-PyTorch-Transformer/.venv/lib/python3.13/site-packages/face_alignment/api.py:130: UserWarning: Compiling face alignment model (one-time cost). Subsequent runs will be faster.
  warnings.warn(
/Users/viniciustormin/02 Areas/UFG/Visão Computacional/LipNet-PyTorch-Transformer/.venv/lib/python3.13/site-packages/face_alignment/api.py:130: UserWarning: Compiling face alignment model (one-time cost). Subsequent runs will be faster.
  warnings.warn(
/Users/viniciustormin/02 Areas/UFG/Visão Computacional/LipNet-PyTorch-Transformer/.venv/lib/python3.13/site-packages/face_alignment/api.py:130: UserWarning: Compiling face alignment model (one-time cost). Subsequent runs will be faster.
  warnings.warn(
/Users/viniciustormin/02 Areas/UFG/Visão Computacional/LipNet-PyTorch-Transformer/.venv/lib/python3.13/site-packages/face_alignment/api.py:130: UserWarning: Compiling face alignment model (one-time cost). Subsequent runs will be faster.
  warnings.warn(
/Users/viniciustormin/02 Areas/UFG/Visão Computacional/LipNet-PyTorch-Transformer/.venv/lib/python3.13/site-packages/face_alignment/api.py:130: UserWarning: Compiling face alignment model (one-time cost). Subsequent runs will be faster.
  warnings.warn(
/Users/viniciustormin/02 Areas/UFG/Visão Computacional/LipNet-PyTorch-Transformer/.venv/lib/python3.13/site-packages/face_alignment/api.py:130: UserWarning: Compiling face alignment model (one-time cost). Subsequent runs will be faster.
  warnings.warn(
/Users/viniciustormin/02 Areas/UFG/Visão Computacional/LipNet-PyTorch-Transformer/.venv/lib/python3.13/site-packages/face_alignment/api.py:130: UserWarning: Compiling face alignment model (one-time cost). Subsequent runs will be faster.
  warnings.warn(
/Users/viniciustormin/02 Areas/UFG/Visão Computacional/LipNet-PyTorch-Transformer/.venv/lib/python3.13/site-packages/face_alignment/api.py:130: UserWarning: Compiling face alignment model (one-time cost). Subsequent runs will be faster.
  warnings.warn(
/Users/viniciustormin/02 Areas/UFG/Visão Computacional/LipNet-PyTorch-Transformer/.venv/lib/python3.13/site-packages/face_alignment/api.py:130: UserWarning: Compiling face alignment model (one-time cost). Subsequent runs will be faster.
  warnings.warn(
/Users/viniciustormin/02 Areas/UFG/Visão Computacional/LipNet-PyTorch-Transformer/.venv/lib/python3.13/site-packages/face_alignment/api.py:130: UserWarning: Compiling face alignment model (one-time cost). Subsequent runs will be faster.
  warnings.warn(
/Users/viniciustormin/02 Areas/UFG/Visão Computacional/LipNet-PyTorch-Transformer/.venv/lib/python3.13/site-packages/face_alignment/api.py:130: UserWarning: Compiling face alignment model (one-time cost). Subsequent runs will be faster.
  warnings.warn(
/Users/viniciustormin/02 Areas/UFG/Visão Computacional/LipNet-PyTorch-Transformer/.venv/lib/python3.13/site-packages/face_alignment/api.py:130: UserWarning: Compiling face alignment model (one-time cost). Subsequent runs will be faster.
  warnings.warn(
/Users/viniciustormin/02 Areas/UFG/Visão Computacional/LipNet-PyTorch-Transformer/.venv/lib/python3.13/site-packages/face_alignment/api.py:130: UserWarning: Compiling face alignment model (one-time cost). Subsequent runs will be faster.
  warnings.warn(
/Users/viniciustormin/02 Areas/UFG/Visão Computacional/LipNet-PyTorch-Transformer/.venv/lib/python3.13/site-packages/face_alignment/api.py:130: UserWarning: Compiling face alignment model (one-time cost). Subsequent runs will be faster.
  warnings.warn(
/Users/viniciustormin/02 Areas/UFG/Visão Computacional/LipNet-PyTorch-Transformer/.venv/lib/python3.13/site-packages/face_alignment/api.py:130: UserWarning: Compiling face alignment model (one-time cost). Subsequent runs will be faster.
  warnings.warn(
/Users/viniciustormin/02 Areas/UFG/Visão Computacional/LipNet-PyTorch-Transformer/.venv/lib/python3.13/site-packages/face_alignment/api.py:130: UserWarning: Compiling face alignment model (one-time cost). Subsequent runs will be faster.
  warnings.warn(
/Users/viniciustormin/02 Areas/UFG/Visão Computacional/LipNet-PyTorch-Transformer/.venv/lib/python3.13/site-packages/face_alignment/api.py:130: UserWarning: Compiling face alignment model (one-time cost). Subsequent runs will be faster.
  warnings.warn(
/Users/viniciustormin/02 Areas/UFG/Visão Computacional/LipNet-PyTorch-Transformer/.venv/lib/python3.13/site-packages/face_alignment/api.py:130: UserWarning: Compiling face alignment model (one-time cost). Subsequent runs will be faster.
  warnings.warn(
/Users/viniciustormin/02 Areas/UFG/Visão Computacional/LipNet-PyTorch-Transformer/.venv/lib/python3.13/site-packages/face_alignment/api.py:130: UserWarning: Compiling face alignment model (one-time cost). Subsequent runs will be faster.
  warnings.warn(
/Users/viniciustormin/02 Areas/UFG/Visão Computacional/LipNet-PyTorch-Transformer/.venv/lib/python3.13/site-packages/face_alignment/api.py:130: UserWarning: Compiling face alignment model (one-time cost). Subsequent runs will be faster.
  warnings.warn(
/Users/viniciustormin/02 Areas/UFG/Visão Computacional/LipNet-PyTorch-Transformer/.venv/lib/python3.13/site-packages/face_alignment/api.py:130: UserWarning: Compiling face alignment model (one-time cost). Subsequent runs will be faster.
  warnings.warn(
/Users/viniciustormin/02 Areas/UFG/Visão Computacional/LipNet-PyTorch-Transformer/.venv/lib/python3.13/site-packages/face_alignment/api.py:130: UserWarning: Compiling face alignment model (one-time cost). Subsequent runs will be faster.
  warnings.warn(
/Users/viniciustormin/02 Areas/UFG/Visão Computacional/LipNet-PyTorch-Transformer/.venv/lib/python3.13/site-packages/face_alignment/api.py:130: UserWarning: Compiling face alignment model (one-time cost). Subsequent runs will be faster.
  warnings.warn(
/Users/viniciustormin/02 Areas/UFG/Visão Computacional/LipNet-PyTorch-Transformer/.venv/lib/python3.13/site-packages/face_alignment/api.py:130: UserWarning: Compiling face alignment model (one-time cost). Subsequent runs will be faster.
  warnings.warn(
/Users/viniciustormin/02 Areas/UFG/Visão Computacional/LipNet-PyTorch-Transformer/.venv/lib/python3.13/site-packages/face_alignment/api.py:130: UserWarning: Compiling face alignment model (one-time cost). Subsequent runs will be faster.
  warnings.warn(
/Users/viniciustormin/02 Areas/UFG/Visão Computacional/LipNet-PyTorch-Transformer/.venv/lib/python3.13/site-packages/face_alignment/api.py:130: UserWarning: Compiling face alignment model (one-time cost). Subsequent runs will be faster.
  warnings.warn(
/Users/viniciustormin/02 Areas/UFG/Visão Computacional/LipNet-PyTorch-Transformer/.venv/lib/python3.13/site-packages/face_alignment/api.py:130: UserWarning: Compiling face alignment model (one-time cost). Subsequent runs will be faster.
  warnings.warn(
/Users/viniciustormin/02 Areas/UFG/Visão Computacional/LipNet-PyTorch-Transformer/.venv/lib/python3.13/site-packages/face_alignment/api.py:130: UserWarning: Compiling face alignment model (one-time cost). Subsequent runs will be faster.
  warnings.warn(
/Users/viniciustormin/02 Areas/UFG/Visão Computacional/LipNet-PyTorch-Transformer/.venv/lib/python3.13/site-packages/face_alignment/api.py:130: UserWarning: Compiling face alignment model (one-time cost). Subsequent runs will be faster.
  warnings.warn(
/Users/viniciustormin/02 Areas/UFG/Visão Computacional/LipNet-PyTorch-Transformer/.venv/lib/python3.13/site-packages/face_alignment/api.py:130: UserWarning: Compiling face alignment model (one-time cost). Subsequent runs will be faster.
  warnings.warn(
/Users/viniciustormin/02 Areas/UFG/Visão Computacional/LipNet-PyTorch-Transformer/.venv/lib/python3.13/site-packages/face_alignment/api.py:130: UserWarning: Compiling face alignment model (one-time cost). Subsequent runs will be faster.
  warnings.warn(
/Users/viniciustormin/02 Areas/UFG/Visão Computacional/LipNet-PyTorch-Transformer/.venv/lib/python3.13/site-packages/face_alignment/api.py:130: UserWarning: Compiling face alignment model (one-time cost). Subsequent runs will be faster.
  warnings.warn(
/Users/viniciustormin/02 Areas/UFG/Visão Computacional/LipNet-PyTorch-Transformer/.venv/lib/python3.13/site-packages/face_alignment/api.py:130: UserWarning: Compiling face alignment model (one-time cost). Subsequent runs will be faster.
  warnings.warn(
/Users/viniciustormin/02 Areas/UFG/Visão Computacional/LipNet-PyTorch-Transformer/.venv/lib/python3.13/site-packages/face_alignment/api.py:130: UserWarning: Compiling face alignment model (one-time cost). Subsequent runs will be faster.
  warnings.warn(
/Users/viniciustormin/02 Areas/UFG/Visão Computacional/LipNet-PyTorch-Transformer/.venv/lib/python3.13/site-packages/face_alignment/api.py:130: UserWarning: Compiling face alignment model (one-time cost). Subsequent runs will be faster.
  warnings.warn(
/Users/viniciustormin/02 Areas/UFG/Visão Computacional/LipNet-PyTorch-Transformer/.venv/lib/python3.13/site-packages/face_alignment/api.py:130: UserWarning: Compiling face alignment model (one-time cost). Subsequent runs will be faster.
  warnings.warn(
/Users/viniciustormin/02 Areas/UFG/Visão Computacional/LipNet-PyTorch-Transformer/.venv/lib/python3.13/site-packages/face_alignment/api.py:130: UserWarning: Compiling face alignment model (one-time cost). Subsequent runs will be faster.
  warnings.warn(
/Users/viniciustormin/02 Areas/UFG/Visão Computacional/LipNet-PyTorch-Transformer/.venv/lib/python3.13/site-packages/face_alignment/api.py:130: UserWarning: Compiling face alignment model (one-time cost). Subsequent runs will be faster.
  warnings.warn(
/Users/viniciustormin/02 Areas/UFG/Visão Computacional/LipNet-PyTorch-Transformer/.venv/lib/python3.13/site-packages/face_alignment/api.py:130: UserWarning: Compiling face alignment model (one-time cost). Subsequent runs will be faster.
  warnings.warn(
/Users/viniciustormin/02 Areas/UFG/Visão Computacional/LipNet-PyTorch-Transformer/.venv/lib/python3.13/site-packages/face_alignment/api.py:130: UserWarning: Compiling face alignment model (one-time cost). Subsequent runs will be faster.
  warnings.warn(
/Users/viniciustormin/02 Areas/UFG/Visão Computacional/LipNet-PyTorch-Transformer/.venv/lib/python3.13/site-packages/face_alignment/api.py:130: UserWarning: Compiling face alignment model (one-time cost). Subsequent runs will be faster.
  warnings.warn(
/Users/viniciustormin/02 Areas/UFG/Visão Computacional/LipNet-PyTorch-Transformer/.venv/lib/python3.13/site-packages/face_alignment/api.py:130: UserWarning: Compiling face alignment model (one-time cost). Subsequent runs will be faster.
  warnings.warn(
/Users/viniciustormin/02 Areas/UFG/Visão Computacional/LipNet-PyTorch-Transformer/.venv/lib/python3.13/site-packages/face_alignment/api.py:130: UserWarning: Compiling face alignment model (one-time cost). Subsequent runs will be faster.
  warnings.warn(
/Users/viniciustormin/02 Areas/UFG/Visão Computacional/LipNet-PyTorch-Transformer/.venv/lib/python3.13/site-packages/face_alignment/api.py:130: UserWarning: Compiling face alignment model (one-time cost). Subsequent runs will be faster.
  warnings.warn(
/Users/viniciustormin/02 Areas/UFG/Visão Computacional/LipNet-PyTorch-Transformer/.venv/lib/python3.13/site-packages/face_alignment/api.py:130: UserWarning: Compiling face alignment model (one-time cost). Subsequent runs will be faster.
  warnings.warn(
/Users/viniciustormin/02 Areas/UFG/Visão Computacional/LipNet-PyTorch-Transformer/.venv/lib/python3.13/site-packages/face_alignment/api.py:130: UserWarning: Compiling face alignment model (one-time cost). Subsequent runs will be faster.
  warnings.warn(
/Users/viniciustormin/02 Areas/UFG/Visão Computacional/LipNet-PyTorch-Transformer/.venv/lib/python3.13/site-packages/face_alignment/api.py:130: UserWarning: Compiling face alignment model (one-time cost). Subsequent runs will be faster.
  warnings.warn(
/Users/viniciustormin/02 Areas/UFG/Visão Computacional/LipNet-PyTorch-Transformer/.venv/lib/python3.13/site-packages/face_alignment/api.py:130: UserWarning: Compiling face alignment model (one-time cost). Subsequent runs will be faster.
  warnings.warn(
/Users/viniciustormin/02 Areas/UFG/Visão Computacional/LipNet-PyTorch-Transformer/.venv/lib/python3.13/site-packages/face_alignment/api.py:130: UserWarning: Compiling face alignment model (one-time cost). Subsequent runs will be faster.
  warnings.warn(
/Users/viniciustormin/02 Areas/UFG/Visão Computacional/LipNet-PyTorch-Transformer/.venv/lib/python3.13/site-packages/face_alignment/api.py:130: UserWarning: Compiling face alignment model (one-time cost). Subsequent runs will be faster.
  warnings.warn(
/Users/viniciustormin/02 Areas/UFG/Visão Computacional/LipNet-PyTorch-Transformer/.venv/lib/python3.13/site-packages/face_alignment/api.py:130: UserWarning: Compiling face alignment model (one-time cost). Subsequent runs will be faster.
  warnings.warn(
/Users/viniciustormin/02 Areas/UFG/Visão Computacional/LipNet-PyTorch-Transformer/.venv/lib/python3.13/site-packages/face_alignment/api.py:130: UserWarning: Compiling face alignment model (one-time cost). Subsequent runs will be faster.
  warnings.warn(
/Users/viniciustormin/02 Areas/UFG/Visão Computacional/LipNet-PyTorch-Transformer/.venv/lib/python3.13/site-packages/face_alignment/api.py:130: UserWarning: Compiling face alignment model (one-time cost). Subsequent runs will be faster.
  warnings.warn(
/Users/viniciustormin/02 Areas/UFG/Visão Computacional/LipNet-PyTorch-Transformer/.venv/lib/python3.13/site-packages/face_alignment/api.py:130: UserWarning: Compiling face alignment model (one-time cost). Subsequent runs will be faster.
  warnings.warn(
/Users/viniciustormin/02 Areas/UFG/Visão Computacional/LipNet-PyTorch-Transformer/.venv/lib/python3.13/site-packages/face_alignment/api.py:130: UserWarning: Compiling face alignment model (one-time cost). Subsequent runs will be faster.
  warnings.warn(
/Users/viniciustormin/02 Areas/UFG/Visão Computacional/LipNet-PyTorch-Transformer/.venv/lib/python3.13/site-packages/face_alignment/api.py:130: UserWarning: Compiling face alignment model (one-time cost). Subsequent runs will be faster.
  warnings.warn(
/Users/viniciustormin/02 Areas/UFG/Visão Computacional/LipNet-PyTorch-Transformer/.venv/lib/python3.13/site-packages/face_alignment/api.py:130: UserWarning: Compiling face alignment model (one-time cost). Subsequent runs will be faster.
  warnings.warn(
/Users/viniciustormin/02 Areas/UFG/Visão Computacional/LipNet-PyTorch-Transformer/.venv/lib/python3.13/site-packages/face_alignment/api.py:130: UserWarning: Compiling face alignment model (one-time cost). Subsequent runs will be faster.
  warnings.warn(
/Users/viniciustormin/02 Areas/UFG/Visão Computacional/LipNet-PyTorch-Transformer/.venv/lib/python3.13/site-packages/face_alignment/api.py:130: UserWarning: Compiling face alignment model (one-time cost). Subsequent runs will be faster.
  warnings.warn(
/Users/viniciustormin/02 Areas/UFG/Visão Computacional/LipNet-PyTorch-Transformer/.venv/lib/python3.13/site-packages/face_alignment/api.py:130: UserWarning: Compiling face alignment model (one-time cost). Subsequent runs will be faster.
  warnings.warn(
/Users/viniciustormin/02 Areas/UFG/Visão Computacional/LipNet-PyTorch-Transformer/.venv/lib/python3.13/site-packages/face_alignment/api.py:130: UserWarning: Compiling face alignment model (one-time cost). Subsequent runs will be faster.
  warnings.warn(
/Users/viniciustormin/02 Areas/UFG/Visão Computacional/LipNet-PyTorch-Transformer/.venv/lib/python3.13/site-packages/face_alignment/api.py:130: UserWarning: Compiling face alignment model (one-time cost). Subsequent runs will be faster.
  warnings.warn(
/Users/viniciustormin/02 Areas/UFG/Visão Computacional/LipNet-PyTorch-Transformer/.venv/lib/python3.13/site-packages/face_alignment/api.py:130: UserWarning: Compiling face alignment model (one-time cost). Subsequent runs will be faster.
  warnings.warn(
/Users/viniciustormin/02 Areas/UFG/Visão Computacional/LipNet-PyTorch-Transformer/.venv/lib/python3.13/site-packages/face_alignment/api.py:130: UserWarning: Compiling face alignment model (one-time cost). Subsequent runs will be faster.
  warnings.warn(
/Users/viniciustormin/02 Areas/UFG/Visão Computacional/LipNet-PyTorch-Transformer/.venv/lib/python3.13/site-packages/face_alignment/api.py:130: UserWarning: Compiling face alignment model (one-time cost). Subsequent runs will be faster.
  warnings.warn(
/Users/viniciustormin/02 Areas/UFG/Visão Computacional/LipNet-PyTorch-Transformer/.venv/lib/python3.13/site-packages/face_alignment/api.py:130: UserWarning: Compiling face alignment model (one-time cost). Subsequent runs will be faster.
  warnings.warn(
/Users/viniciustormin/02 Areas/UFG/Visão Computacional/LipNet-PyTorch-Transformer/.venv/lib/python3.13/site-packages/face_alignment/api.py:130: UserWarning: Compiling face alignment model (one-time cost). Subsequent runs will be faster.
  warnings.warn(
/Users/viniciustormin/02 Areas/UFG/Visão Computacional/LipNet-PyTorch-Transformer/.venv/lib/python3.13/site-packages/face_alignment/api.py:130: UserWarning: Compiling face alignment model (one-time cost). Subsequent runs will be faster.
  warnings.warn(
/Users/viniciustormin/02 Areas/UFG/Visão Computacional/LipNet-PyTorch-Transformer/.venv/lib/python3.13/site-packages/face_alignment/api.py:130: UserWarning: Compiling face alignment model (one-time cost). Subsequent runs will be faster.
  warnings.warn(
/Users/viniciustormin/02 Areas/UFG/Visão Computacional/LipNet-PyTorch-Transformer/.venv/lib/python3.13/site-packages/face_alignment/api.py:130: UserWarning: Compiling face alignment model (one-time cost). Subsequent runs will be faster.
  warnings.warn(
/Users/viniciustormin/02 Areas/UFG/Visão Computacional/LipNet-PyTorch-Transformer/.venv/lib/python3.13/site-packages/face_alignment/api.py:130: UserWarning: Compiling face alignment model (one-time cost). Subsequent runs will be faster.
  warnings.warn(
/Users/viniciustormin/02 Areas/UFG/Visão Computacional/LipNet-PyTorch-Transformer/.venv/lib/python3.13/site-packages/face_alignment/api.py:130: UserWarning: Compiling face alignment model (one-time cost). Subsequent runs will be faster.
  warnings.warn(
/Users/viniciustormin/02 Areas/UFG/Visão Computacional/LipNet-PyTorch-Transformer/.venv/lib/python3.13/site-packages/face_alignment/api.py:130: UserWarning: Compiling face alignment model (one-time cost). Subsequent runs will be faster.
  warnings.warn(
/Users/viniciustormin/02 Areas/UFG/Visão Computacional/LipNet-PyTorch-Transformer/.venv/lib/python3.13/site-packages/face_alignment/api.py:130: UserWarning: Compiling face alignment model (one-time cost). Subsequent runs will be faster.
  warnings.warn(
/Users/viniciustormin/02 Areas/UFG/Visão Computacional/LipNet-PyTorch-Transformer/.venv/lib/python3.13/site-packages/face_alignment/api.py:130: UserWarning: Compiling face alignment model (one-time cost). Subsequent runs will be faster.
  warnings.warn(
/Users/viniciustormin/02 Areas/UFG/Visão Computacional/LipNet-PyTorch-Transformer/.venv/lib/python3.13/site-packages/face_alignment/api.py:130: UserWarning: Compiling face alignment model (one-time cost). Subsequent runs will be faster.
  warnings.warn(
/Users/viniciustormin/02 Areas/UFG/Visão Computacional/LipNet-PyTorch-Transformer/.venv/lib/python3.13/site-packages/face_alignment/api.py:130: UserWarning: Compiling face alignment model (one-time cost). Subsequent runs will be faster.
  warnings.warn(
/Users/viniciustormin/02 Areas/UFG/Visão Computacional/LipNet-PyTorch-Transformer/.venv/lib/python3.13/site-packages/face_alignment/api.py:130: UserWarning: Compiling face alignment model (one-time cost). Subsequent runs will be faster.
  warnings.warn(
/Users/viniciustormin/02 Areas/UFG/Visão Computacional/LipNet-PyTorch-Transformer/.venv/lib/python3.13/site-packages/face_alignment/api.py:130: UserWarning: Compiling face alignment model (one-time cost). Subsequent runs will be faster.
  warnings.warn(
/Users/viniciustormin/02 Areas/UFG/Visão Computacional/LipNet-PyTorch-Transformer/.venv/lib/python3.13/site-packages/face_alignment/api.py:130: UserWarning: Compiling face alignment model (one-time cost). Subsequent runs will be faster.
  warnings.warn(
/Users/viniciustormin/02 Areas/UFG/Visão Computacional/LipNet-PyTorch-Transformer/.venv/lib/python3.13/site-packages/face_alignment/api.py:130: UserWarning: Compiling face alignment model (one-time cost). Subsequent runs will be faster.
  warnings.warn(
/Users/viniciustormin/02 Areas/UFG/Visão Computacional/LipNet-PyTorch-Transformer/.venv/lib/python3.13/site-packages/face_alignment/api.py:130: UserWarning: Compiling face alignment model (one-time cost). Subsequent runs will be faster.
  warnings.warn(
/Users/viniciustormin/02 Areas/UFG/Visão Computacional/LipNet-PyTorch-Transformer/.venv/lib/python3.13/site-packages/face_alignment/api.py:130: UserWarning: Compiling face alignment model (one-time cost). Subsequent runs will be faster.
  warnings.warn(
/Users/viniciustormin/02 Areas/UFG/Visão Computacional/LipNet-PyTorch-Transformer/.venv/lib/python3.13/site-packages/face_alignment/api.py:130: UserWarning: Compiling face alignment model (one-time cost). Subsequent runs will be faster.
  warnings.warn(
/Users/viniciustormin/02 Areas/UFG/Visão Computacional/LipNet-PyTorch-Transformer/.venv/lib/python3.13/site-packages/face_alignment/api.py:130: UserWarning: Compiling face alignment model (one-time cost). Subsequent runs will be faster.
  warnings.warn(
/Users/viniciustormin/02 Areas/UFG/Visão Computacional/LipNet-PyTorch-Transformer/.venv/lib/python3.13/site-packages/face_alignment/api.py:130: UserWarning: Compiling face alignment model (one-time cost). Subsequent runs will be faster.
  warnings.warn(
/Users/viniciustormin/02 Areas/UFG/Visão Computacional/LipNet-PyTorch-Transformer/.venv/lib/python3.13/site-packages/face_alignment/api.py:130: UserWarning: Compiling face alignment model (one-time cost). Subsequent runs will be faster.
  warnings.warn(
/Users/viniciustormin/02 Areas/UFG/Visão Computacional/LipNet-PyTorch-Transformer/.venv/lib/python3.13/site-packages/face_alignment/api.py:130: UserWarning: Compiling face alignment model (one-time cost). Subsequent runs will be faster.
  warnings.warn(
/Users/viniciustormin/02 Areas/UFG/Visão Computacional/LipNet-PyTorch-Transformer/.venv/lib/python3.13/site-packages/face_alignment/api.py:215: UserWarning: No faces were detected.
  warnings.warn("No faces were detected.")
/Users/viniciustormin/02 Areas/UFG/Visão Computacional/LipNet-PyTorch-Transformer/.venv/lib/python3.13/site-packages/face_alignment/api.py:130: UserWarning: Compiling face alignment model (one-time cost). Subsequent runs will be faster.
  warnings.warn(
/Users/viniciustormin/02 Areas/UFG/Visão Computacional/LipNet-PyTorch-Transformer/.venv/lib/python3.13/site-packages/face_alignment/api.py:130: UserWarning: Compiling face alignment model (one-time cost). Subsequent runs will be faster.
  warnings.warn(
/Users/viniciustormin/02 Areas/UFG/Visão Computacional/LipNet-PyTorch-Transformer/.venv/lib/python3.13/site-packages/face_alignment/api.py:130: UserWarning: Compiling face alignment model (one-time cost). Subsequent runs will be faster.
  warnings.warn(
/Users/viniciustormin/02 Areas/UFG/Visão Computacional/LipNet-PyTorch-Transformer/.venv/lib/python3.13/site-packages/face_alignment/api.py:130: UserWarning: Compiling face alignment model (one-time cost). Subsequent runs will be faster.
  warnings.warn(
/Users/viniciustormin/02 Areas/UFG/Visão Computacional/LipNet-PyTorch-Transformer/.venv/lib/python3.13/site-packages/face_alignment/api.py:130: UserWarning: Compiling face alignment model (one-time cost). Subsequent runs will be faster.
  warnings.warn(
/Users/viniciustormin/02 Areas/UFG/Visão Computacional/LipNet-PyTorch-Transformer/.venv/lib/python3.13/site-packages/face_alignment/api.py:130: UserWarning: Compiling face alignment model (one-time cost). Subsequent runs will be faster.
  warnings.warn(
/Users/viniciustormin/02 Areas/UFG/Visão Computacional/LipNet-PyTorch-Transformer/.venv/lib/python3.13/site-packages/face_alignment/api.py:130: UserWarning: Compiling face alignment model (one-time cost). Subsequent runs will be faster.
  warnings.warn(
/Users/viniciustormin/02 Areas/UFG/Visão Computacional/LipNet-PyTorch-Transformer/.venv/lib/python3.13/site-packages/face_alignment/api.py:130: UserWarning: Compiling face alignment model (one-time cost). Subsequent runs will be faster.
  warnings.warn(
/Users/viniciustormin/02 Areas/UFG/Visão Computacional/LipNet-PyTorch-Transformer/.venv/lib/python3.13/site-packages/face_alignment/api.py:130: UserWarning: Compiling face alignment model (one-time cost). Subsequent runs will be faster.
  warnings.warn(
/Users/viniciustormin/02 Areas/UFG/Visão Computacional/LipNet-PyTorch-Transformer/.venv/lib/python3.13/site-packages/face_alignment/api.py:130: UserWarning: Compiling face alignment model (one-time cost). Subsequent runs will be faster.
  warnings.warn(
/Users/viniciustormin/02 Areas/UFG/Visão Computacional/LipNet-PyTorch-Transformer/.venv/lib/python3.13/site-packages/face_alignment/api.py:130: UserWarning: Compiling face alignment model (one-time cost). Subsequent runs will be faster.
  warnings.warn(
/Users/viniciustormin/02 Areas/UFG/Visão Computacional/LipNet-PyTorch-Transformer/.venv/lib/python3.13/site-packages/face_alignment/api.py:130: UserWarning: Compiling face alignment model (one-time cost). Subsequent runs will be faster.
  warnings.warn(
/Users/viniciustormin/02 Areas/UFG/Visão Computacional/LipNet-PyTorch-Transformer/.venv/lib/python3.13/site-packages/face_alignment/api.py:130: UserWarning: Compiling face alignment model (one-time cost). Subsequent runs will be faster.
  warnings.warn(
/Users/viniciustormin/02 Areas/UFG/Visão Computacional/LipNet-PyTorch-Transformer/.venv/lib/python3.13/site-packages/face_alignment/api.py:130: UserWarning: Compiling face alignment model (one-time cost). Subsequent runs will be faster.
  warnings.warn(

[335/1000] video/mpg_6000/lgif3a: OK (75 frames)
[336/1000] video/mpg_6000/lgifzn: OK (75 frames)
[337/1000] video/mpg_6000/lgil4n: OK (75 frames)
[338/1000] video/mpg_6000/lgil5s: OK (75 frames)
[339/1000] video/mpg_6000/lgil6p: OK (75 frames)
[340/1000] video/mpg_6000/lgil7a: OK (75 frames)
[341/1000] video/mpg_6000/lgir8n: OK (75 frames)
[342/1000] video/mpg_6000/lgir9s: OK (75 frames)
[343/1000] video/mpg_6000/lgis1a: OK (75 frames)
[344/1000] video/mpg_6000/lgiszp: OK (75 frames)
[345/1000] video/mpg_6000/lgiz2n: OK (75 frames)
[346/1000] video/mpg_6000/lgiz3s: OK (75 frames)
[347/1000] video/mpg_6000/lgiz4p: OK (75 frames)
[348/1000] video/mpg_6000/lgiz5a: OK (75 frames)
[349/1000] video/mpg_6000/lgwa1a: OK (75 frames)
[350/1000] video/mpg_6000/lgwazp: OK (75 frames)
[351/1000] video/mpg_6000/lgwg2n: OK (75 frames)
[352/1000] video/mpg_6000/lgwg3s: OK (75 frames)
[353/1000] video/mpg_6000/lgwg4p: OK (75 frames)
[354/1000] video/mpg_6000/lgwg5a: OK (75 frames)
[355/1000] video/mpg_6000/lgwm6n: OK (75 frames)
[356/1000] video/mpg_6000/lgwm7s: OK (75 frames)
[357/1000] video/mpg_6000/lgwm8p: OK (75 frames)
[358/1000] video/mpg_6000/lgwm9a: OK (75 frames)
[359/1000] video/mpg_6000/lgwt1s: OK (75 frames)
[360/1000] video/mpg_6000/lgwt2p: OK (75 frames)
[361/1000] video/mpg_6000/lgwt3a: OK (75 frames)
[362/1000] video/mpg_6000/lgwtzn: OK (75 frames)
[363/1000] video/mpg_6000/lrae2n: OK (75 frames)
[364/1000] video/mpg_6000/lrae3s: OK (75 frames)
[365/1000] video/mpg_6000/lrae4p: OK (75 frames)
[366/1000] video/mpg_6000/lrae5a: OK (75 frames)
[367/1000] video/mpg_6000/lrak6n: OK (75 frames)
[368/1000] video/mpg_6000/lrak7s: OK (75 frames)
[369/1000] video/mpg_6000/lrak8p: OK (75 frames)
[370/1000] video/mpg_6000/lrak9a: OK (75 frames)
[371/1000] video/mpg_6000/lrar1s: OK (75 frames)
[372/1000] video/mpg_6000/lrar2p: OK (75 frames)
[373/1000] video/mpg_6000/lrar3a: OK (75 frames)
[374/1000] video/mpg_6000/lrarzn: OK (63 frames)
[375/1000] video/mpg_6000/lray4n: OK (75 frames)
[376/1000] video/mpg_6000/lray5s: OK (75 frames)
[377/1000] video/mpg_6000/lray6p: OK (75 frames)
[378/1000] video/mpg_6000/lray7a: OK (75 frames)
[379/1000] video/mpg_6000/lrbe6n: OK (75 frames)
[380/1000] video/mpg_6000/lrbe7s: OK (75 frames)
[381/1000] video/mpg_6000/lrbe8p: OK (75 frames)
[382/1000] video/mpg_6000/lrbe9a: OK (75 frames)
[383/1000] video/mpg_6000/lrbl1s: OK (75 frames)
[384/1000] video/mpg_6000/lrbl2p: OK (75 frames)
[385/1000] video/mpg_6000/lrbl3a: OK (75 frames)
[386/1000] video/mpg_6000/lrblzn: OK (75 frames)
[387/1000] video/mpg_6000/lrbr4n: OK (75 frames)
[388/1000] video/mpg_6000/lrbr5s: OK (75 frames)
[389/1000] video/mpg_6000/lrbr6p: OK (75 frames)
[390/1000] video/mpg_6000/lrbr7a: OK (75 frames)
[391/1000] video/mpg_6000/lrby8n: OK (75 frames)
[392/1000] video/mpg_6000/lrby9s: OK (75 frames)
[393/1000] video/mpg_6000/lrbz1a: OK (75 frames)
[394/1000] video/mpg_6000/lrbzzp: OK (75 frames)
[395/1000] video/mpg_6000/lrid8n: OK (75 frames)
[396/1000] video/mpg_6000/lrid9s: OK (75 frames)
[397/1000] video/mpg_6000/lrie1a: OK (75 frames)
[398/1000] video/mpg_6000/lriezp: OK (75 frames)
[399/1000] video/mpg_6000/lrik2n: OK (75 frames)
[400/1000] video/mpg_6000/lrik3s: OK (75 frames)
[401/1000] video/mpg_6000/lrik4p: OK (75 frames)
[402/1000] video/mpg_6000/lrik5a: OK (75 frames)
[403/1000] video/mpg_6000/lriq6n: OK (75 frames)
[404/1000] video/mpg_6000/lriq7s: OK (75 frames)
[405/1000] video/mpg_6000/lriq8p: OK (75 frames)
[406/1000] video/mpg_6000/lriq9a: OK (75 frames)
[407/1000] video/mpg_6000/lriy1s: OK (75 frames)
[408/1000] video/mpg_6000/lriy2p: OK (75 frames)
[409/1000] video/mpg_6000/lriy3a: OK (75 frames)
[410/1000] video/mpg_6000/lriyzn: OK (75 frames)
[411/1000] video/mpg_6000/lrwf1s: OK (75 frames)
[412/1000] video/mpg_6000/lrwf2p: OK (75 frames)
[413/1000] video/mpg_6000/lrwf3a: OK (75 frames)
[414/1000] video/mpg_6000/lrwfzn: OK (75 frames)
[415/1000] video/mpg_6000/lrwl4n: OK (75 frames)
[416/1000] video/mpg_6000/lrwl5s: OK (75 frames)
[417/1000] video/mpg_6000/lrwl6p: OK (75 frames)
[418/1000] video/mpg_6000/lrwl7a: OK (75 frames)
[419/1000] video/mpg_6000/lrwr8n: OK (75 frames)
[420/1000] video/mpg_6000/lrwr9s: OK (75 frames)
[421/1000] video/mpg_6000/lrws1a: OK (75 frames)
[422/1000] video/mpg_6000/lrwszp: OK (75 frames)
[423/1000] video/mpg_6000/lrwz2n: OK (75 frames)
[424/1000] video/mpg_6000/lrwz3s: OK (75 frames)
[425/1000] video/mpg_6000/lrwz4p: OK (75 frames)
[426/1000] video/mpg_6000/lrwz5a: OK (75 frames)
[427/1000] video/mpg_6000/lwae8n: OK (75 frames)
[428/1000] video/mpg_6000/lwae9s: OK (75 frames)
[429/1000] video/mpg_6000/lwaf1a: OK (75 frames)
[430/1000] video/mpg_6000/lwafzp: OK (75 frames)
[431/1000] video/mpg_6000/lwal2n: OK (75 frames)
[432/1000] video/mpg_6000/lwal3s: OK (75 frames)
[433/1000] video/mpg_6000/lwal4p: OK (75 frames)
[434/1000] video/mpg_6000/lwal5a: OK (75 frames)
[435/1000] video/mpg_6000/lwar6n: OK (75 frames)
[436/1000] video/mpg_6000/lwar7s: OK (75 frames)
[437/1000] video/mpg_6000/lwar8p: OK (75 frames)
[438/1000] video/mpg_6000/lwar9a: OK (75 frames)
[439/1000] video/mpg_6000/lwaz1s: OK (75 frames)
[440/1000] video/mpg_6000/lwaz2p: OK (75 frames)
[441/1000] video/mpg_6000/lwaz3a: OK (75 frames)
[442/1000] video/mpg_6000/lwazzn: OK (75 frames)
[443/1000] video/mpg_6000/lwbf2n: OK (75 frames)
[444/1000] video/mpg_6000/lwbf3s: OK (75 frames)
[445/1000] video/mpg_6000/lwbf4p: OK (75 frames)
[446/1000] video/mpg_6000/lwbf5a: OK (75 frames)
[447/1000] video/mpg_6000/lwbl6n: OK (75 frames)
[448/1000] video/mpg_6000/lwbl7s: OK (75 frames)
[449/1000] video/mpg_6000/lwbl8p: OK (75 frames)
[450/1000] video/mpg_6000/lwbl9a: OK (75 frames)
[451/1000] video/mpg_6000/lwbs1s: OK (75 frames)
[452/1000] video/mpg_6000/lwbs2p: OK (75 frames)
[453/1000] video/mpg_6000/lwbs3a: OK (75 frames)
[454/1000] video/mpg_6000/lwbszn: OK (75 frames)
[455/1000] video/mpg_6000/lwbz4n: OK (75 frames)
[456/1000] video/mpg_6000/lwbz5s: OK (75 frames)
[457/1000] video/mpg_6000/lwbz6p: OK (75 frames)
[458/1000] video/mpg_6000/lwbz7a: OK (75 frames)
[459/1000] video/mpg_6000/lwie4n: OK (75 frames)
[460/1000] video/mpg_6000/lwie5s: OK (75 frames)
[461/1000] video/mpg_6000/lwie6p: OK (75 frames)
[462/1000] video/mpg_6000/lwie7a: OK (75 frames)
[463/1000] video/mpg_6000/lwik8n: OK (75 frames)
[464/1000] video/mpg_6000/lwik9s: OK (75 frames)
[465/1000] video/mpg_6000/lwil1a: OK (75 frames)
[466/1000] video/mpg_6000/lwilzp: OK (75 frames)
[467/1000] video/mpg_6000/lwir2n: OK (75 frames)
[468/1000] video/mpg_6000/lwir3s: OK (75 frames)
[469/1000] video/mpg_6000/lwir4p: OK (75 frames)
[470/1000] video/mpg_6000/lwir5a: OK (75 frames)
[471/1000] video/mpg_6000/lwiy6n: OK (75 frames)
[472/1000] video/mpg_6000/lwiy7s: OK (75 frames)
[473/1000] video/mpg_6000/lwiy8p: OK (75 frames)
[474/1000] video/mpg_6000/lwiy9a: OK (75 frames)
[475/1000] video/mpg_6000/lwwf6n: OK (75 frames)
[476/1000] video/mpg_6000/lwwf7s: OK (75 frames)
[477/1000] video/mpg_6000/lwwf8p: OK (75 frames)
[478/1000] video/mpg_6000/lwwf9a: OK (75 frames)
[479/1000] video/mpg_6000/lwwm1s: OK (75 frames)
[480/1000] video/mpg_6000/lwwm2p: OK (75 frames)
[481/1000] video/mpg_6000/lwwm3a: OK (75 frames)
[482/1000] video/mpg_6000/lwwmzn: OK (75 frames)
[483/1000] video/mpg_6000/lwws4n: OK (75 frames)
[484/1000] video/mpg_6000/lwws5s: OK (75 frames)
[485/1000] video/mpg_6000/lwws6p: OK (75 frames)
[486/1000] video/mpg_6000/lwws7a: OK (75 frames)
[487/1000] video/mpg_6000/lwwz8n: OK (75 frames)
[488/1000] video/mpg_6000/lwwz9s: OK (75 frames)
[489/1000] video/mpg_6000/pbac1s: OK (75 frames)
[490/1000] video/mpg_6000/pbac2p: OK (75 frames)
[491/1000] video/mpg_6000/pbac3a: OK (75 frames)
[492/1000] video/mpg_6000/pbaczn: OK (75 frames)
[493/1000] video/mpg_6000/pbai4n: OK (75 frames)
[494/1000] video/mpg_6000/pbai5s: OK (75 frames)
[495/1000] video/mpg_6000/pbai6p: OK (75 frames)
[496/1000] video/mpg_6000/pbai7a: OK (75 frames)
[497/1000] video/mpg_6000/pbao8n: OK (75 frames)
[498/1000] video/mpg_6000/pbao9s: OK (75 frames)
[499/1000] video/mpg_6000/pbap1a: OK (75 frames)
[500/1000] video/mpg_6000/pbapzp: OK (75 frames)
[501/1000] video/mpg_6000/pbav2n: OK (75 frames)
[502/1000] video/mpg_6000/pbav3s: OK (75 frames)/Users/viniciustormin/02 Areas/UFG/Visão Computacional/LipNet-PyTorch-Transformer/.venv/lib/python3.13/site-packages/face_alignment/api.py:130: UserWarning: Compiling face alignment model (one-time cost). Subsequent runs will be faster.
  warnings.warn(
/Users/viniciustormin/02 Areas/UFG/Visão Computacional/LipNet-PyTorch-Transformer/.venv/lib/python3.13/site-packages/face_alignment/api.py:130: UserWarning: Compiling face alignment model (one-time cost). Subsequent runs will be faster.
  warnings.warn(
/Users/viniciustormin/02 Areas/UFG/Visão Computacional/LipNet-PyTorch-Transformer/.venv/lib/python3.13/site-packages/face_alignment/api.py:130: UserWarning: Compiling face alignment model (one-time cost). Subsequent runs will be faster.
  warnings.warn(
/Users/viniciustormin/02 Areas/UFG/Visão Computacional/LipNet-PyTorch-Transformer/.venv/lib/python3.13/site-packages/face_alignment/api.py:130: UserWarning: Compiling face alignment model (one-time cost). Subsequent runs will be faster.
  warnings.warn(
/Users/viniciustormin/02 Areas/UFG/Visão Computacional/LipNet-PyTorch-Transformer/.venv/lib/python3.13/site-packages/face_alignment/api.py:130: UserWarning: Compiling face alignment model (one-time cost). Subsequent runs will be faster.
  warnings.warn(
/Users/viniciustormin/02 Areas/UFG/Visão Computacional/LipNet-PyTorch-Transformer/.venv/lib/python3.13/site-packages/face_alignment/api.py:130: UserWarning: Compiling face alignment model (one-time cost). Subsequent runs will be faster.
  warnings.warn(
/Users/viniciustormin/02 Areas/UFG/Visão Computacional/LipNet-PyTorch-Transformer/.venv/lib/python3.13/site-packages/face_alignment/api.py:130: UserWarning: Compiling face alignment model (one-time cost). Subsequent runs will be faster.
  warnings.warn(
/Users/viniciustormin/02 Areas/UFG/Visão Computacional/LipNet-PyTorch-Transformer/.venv/lib/python3.13/site-packages/face_alignment/api.py:130: UserWarning: Compiling face alignment model (one-time cost). Subsequent runs will be faster.
  warnings.warn(
/Users/viniciustormin/02 Areas/UFG/Visão Computacional/LipNet-PyTorch-Transformer/.venv/lib/python3.13/site-packages/face_alignment/api.py:130: UserWarning: Compiling face alignment model (one-time cost). Subsequent runs will be faster.
  warnings.warn(
/Users/viniciustormin/02 Areas/UFG/Visão Computacional/LipNet-PyTorch-Transformer/.venv/lib/python3.13/site-packages/face_alignment/api.py:130: UserWarning: Compiling face alignment model (one-time cost). Subsequent runs will be faster.
  warnings.warn(
/Users/viniciustormin/02 Areas/UFG/Visão Computacional/LipNet-PyTorch-Transformer/.venv/lib/python3.13/site-packages/face_alignment/api.py:130: UserWarning: Compiling face alignment model (one-time cost). Subsequent runs will be faster.
  warnings.warn(
/Users/viniciustormin/02 Areas/UFG/Visão Computacional/LipNet-PyTorch-Transformer/.venv/lib/python3.13/site-packages/face_alignment/api.py:130: UserWarning: Compiling face alignment model (one-time cost). Subsequent runs will be faster.
  warnings.warn(
/Users/viniciustormin/02 Areas/UFG/Visão Computacional/LipNet-PyTorch-Transformer/.venv/lib/python3.13/site-packages/face_alignment/api.py:130: UserWarning: Compiling face alignment model (one-time cost). Subsequent runs will be faster.
  warnings.warn(
/Users/viniciustormin/02 Areas/UFG/Visão Computacional/LipNet-PyTorch-Transformer/.venv/lib/python3.13/site-packages/face_alignment/api.py:130: UserWarning: Compiling face alignment model (one-time cost). Subsequent runs will be faster.
  warnings.warn(
/Users/viniciustormin/02 Areas/UFG/Visão Computacional/LipNet-PyTorch-Transformer/.venv/lib/python3.13/site-packages/face_alignment/api.py:130: UserWarning: Compiling face alignment model (one-time cost). Subsequent runs will be faster.
  warnings.warn(
/Users/viniciustormin/02 Areas/UFG/Visão Computacional/LipNet-PyTorch-Transformer/.venv/lib/python3.13/site-packages/face_alignment/api.py:130: UserWarning: Compiling face alignment model (one-time cost). Subsequent runs will be faster.
  warnings.warn(
/Users/viniciustormin/02 Areas/UFG/Visão Computacional/LipNet-PyTorch-Transformer/.venv/lib/python3.13/site-packages/face_alignment/api.py:130: UserWarning: Compiling face alignment model (one-time cost). Subsequent runs will be faster.
  warnings.warn(
/Users/viniciustormin/02 Areas/UFG/Visão Computacional/LipNet-PyTorch-Transformer/.venv/lib/python3.13/site-packages/face_alignment/api.py:130: UserWarning: Compiling face alignment model (one-time cost). Subsequent runs will be faster.
  warnings.warn(
/Users/viniciustormin/02 Areas/UFG/Visão Computacional/LipNet-PyTorch-Transformer/.venv/lib/python3.13/site-packages/face_alignment/api.py:130: UserWarning: Compiling face alignment model (one-time cost). Subsequent runs will be faster.
  warnings.warn(
/Users/viniciustormin/02 Areas/UFG/Visão Computacional/LipNet-PyTorch-Transformer/.venv/lib/python3.13/site-packages/face_alignment/api.py:130: UserWarning: Compiling face alignment model (one-time cost). Subsequent runs will be faster.
  warnings.warn(
/Users/viniciustormin/02 Areas/UFG/Visão Computacional/LipNet-PyTorch-Transformer/.venv/lib/python3.13/site-packages/face_alignment/api.py:130: UserWarning: Compiling face alignment model (one-time cost). Subsequent runs will be faster.
  warnings.warn(
/Users/viniciustormin/02 Areas/UFG/Visão Computacional/LipNet-PyTorch-Transformer/.venv/lib/python3.13/site-packages/face_alignment/api.py:130: UserWarning: Compiling face alignment model (one-time cost). Subsequent runs will be faster.
  warnings.warn(
/Users/viniciustormin/02 Areas/UFG/Visão Computacional/LipNet-PyTorch-Transformer/.venv/lib/python3.13/site-packages/face_alignment/api.py:130: UserWarning: Compiling face alignment model (one-time cost). Subsequent runs will be faster.
  warnings.warn(
/Users/viniciustormin/02 Areas/UFG/Visão Computacional/LipNet-PyTorch-Transformer/.venv/lib/python3.13/site-packages/face_alignment/api.py:130: UserWarning: Compiling face alignment model (one-time cost). Subsequent runs will be faster.
  warnings.warn(
/Users/viniciustormin/02 Areas/UFG/Visão Computacional/LipNet-PyTorch-Transformer/.venv/lib/python3.13/site-packages/face_alignment/api.py:130: UserWarning: Compiling face alignment model (one-time cost). Subsequent runs will be faster.
  warnings.warn(
/Users/viniciustormin/02 Areas/UFG/Visão Computacional/LipNet-PyTorch-Transformer/.venv/lib/python3.13/site-packages/face_alignment/api.py:130: UserWarning: Compiling face alignment model (one-time cost). Subsequent runs will be faster.
  warnings.warn(
/Users/viniciustormin/02 Areas/UFG/Visão Computacional/LipNet-PyTorch-Transformer/.venv/lib/python3.13/site-packages/face_alignment/api.py:130: UserWarning: Compiling face alignment model (one-time cost). Subsequent runs will be faster.
  warnings.warn(
/Users/viniciustormin/02 Areas/UFG/Visão Computacional/LipNet-PyTorch-Transformer/.venv/lib/python3.13/site-packages/face_alignment/api.py:130: UserWarning: Compiling face alignment model (one-time cost). Subsequent runs will be faster.
  warnings.warn(
/Users/viniciustormin/02 Areas/UFG/Visão Computacional/LipNet-PyTorch-Transformer/.venv/lib/python3.13/site-packages/face_alignment/api.py:130: UserWarning: Compiling face alignment model (one-time cost). Subsequent runs will be faster.
  warnings.warn(
/Users/viniciustormin/02 Areas/UFG/Visão Computacional/LipNet-PyTorch-Transformer/.venv/lib/python3.13/site-packages/face_alignment/api.py:130: UserWarning: Compiling face alignment model (one-time cost). Subsequent runs will be faster.
  warnings.warn(
/Users/viniciustormin/02 Areas/UFG/Visão Computacional/LipNet-PyTorch-Transformer/.venv/lib/python3.13/site-packages/face_alignment/api.py:130: UserWarning: Compiling face alignment model (one-time cost). Subsequent runs will be faster.
  warnings.warn(
/Users/viniciustormin/02 Areas/UFG/Visão Computacional/LipNet-PyTorch-Transformer/.venv/lib/python3.13/site-packages/face_alignment/api.py:130: UserWarning: Compiling face alignment model (one-time cost). Subsequent runs will be faster.
  warnings.warn(
/Users/viniciustormin/02 Areas/UFG/Visão Computacional/LipNet-PyTorch-Transformer/.venv/lib/python3.13/site-packages/face_alignment/api.py:130: UserWarning: Compiling face alignment model (one-time cost). Subsequent runs will be faster.
  warnings.warn(
/Users/viniciustormin/02 Areas/UFG/Visão Computacional/LipNet-PyTorch-Transformer/.venv/lib/python3.13/site-packages/face_alignment/api.py:130: UserWarning: Compiling face alignment model (one-time cost). Subsequent runs will be faster.
  warnings.warn(
/Users/viniciustormin/02 Areas/UFG/Visão Computacional/LipNet-PyTorch-Transformer/.venv/lib/python3.13/site-packages/face_alignment/api.py:130: UserWarning: Compiling face alignment model (one-time cost). Subsequent runs will be faster.
  warnings.warn(
/Users/viniciustormin/02 Areas/UFG/Visão Computacional/LipNet-PyTorch-Transformer/.venv/lib/python3.13/site-packages/face_alignment/api.py:130: UserWarning: Compiling face alignment model (one-time cost). Subsequent runs will be faster.
  warnings.warn(
/Users/viniciustormin/02 Areas/UFG/Visão Computacional/LipNet-PyTorch-Transformer/.venv/lib/python3.13/site-packages/face_alignment/api.py:130: UserWarning: Compiling face alignment model (one-time cost). Subsequent runs will be faster.
  warnings.warn(
/Users/viniciustormin/02 Areas/UFG/Visão Computacional/LipNet-PyTorch-Transformer/.venv/lib/python3.13/site-packages/face_alignment/api.py:130: UserWarning: Compiling face alignment model (one-time cost). Subsequent runs will be faster.
  warnings.warn(
/Users/viniciustormin/02 Areas/UFG/Visão Computacional/LipNet-PyTorch-Transformer/.venv/lib/python3.13/site-packages/face_alignment/api.py:130: UserWarning: Compiling face alignment model (one-time cost). Subsequent runs will be faster.
  warnings.warn(
/Users/viniciustormin/02 Areas/UFG/Visão Computacional/LipNet-PyTorch-Transformer/.venv/lib/python3.13/site-packages/face_alignment/api.py:130: UserWarning: Compiling face alignment model (one-time cost). Subsequent runs will be faster.
  warnings.warn(
/Users/viniciustormin/02 Areas/UFG/Visão Computacional/LipNet-PyTorch-Transformer/.venv/lib/python3.13/site-packages/face_alignment/api.py:130: UserWarning: Compiling face alignment model (one-time cost). Subsequent runs will be faster.
  warnings.warn(
/Users/viniciustormin/02 Areas/UFG/Visão Computacional/LipNet-PyTorch-Transformer/.venv/lib/python3.13/site-packages/face_alignment/api.py:130: UserWarning: Compiling face alignment model (one-time cost). Subsequent runs will be faster.
  warnings.warn(
/Users/viniciustormin/02 Areas/UFG/Visão Computacional/LipNet-PyTorch-Transformer/.venv/lib/python3.13/site-packages/face_alignment/api.py:130: UserWarning: Compiling face alignment model (one-time cost). Subsequent runs will be faster.
  warnings.warn(
/Users/viniciustormin/02 Areas/UFG/Visão Computacional/LipNet-PyTorch-Transformer/.venv/lib/python3.13/site-packages/face_alignment/api.py:130: UserWarning: Compiling face alignment model (one-time cost). Subsequent runs will be faster.
  warnings.warn(
/Users/viniciustormin/02 Areas/UFG/Visão Computacional/LipNet-PyTorch-Transformer/.venv/lib/python3.13/site-packages/face_alignment/api.py:130: UserWarning: Compiling face alignment model (one-time cost). Subsequent runs will be faster.
  warnings.warn(
/Users/viniciustormin/02 Areas/UFG/Visão Computacional/LipNet-PyTorch-Transformer/.venv/lib/python3.13/site-packages/face_alignment/api.py:130: UserWarning: Compiling face alignment model (one-time cost). Subsequent runs will be faster.
  warnings.warn(
/Users/viniciustormin/02 Areas/UFG/Visão Computacional/LipNet-PyTorch-Transformer/.venv/lib/python3.13/site-packages/face_alignment/api.py:130: UserWarning: Compiling face alignment model (one-time cost). Subsequent runs will be faster.
  warnings.warn(
/Users/viniciustormin/02 Areas/UFG/Visão Computacional/LipNet-PyTorch-Transformer/.venv/lib/python3.13/site-packages/face_alignment/api.py:130: UserWarning: Compiling face alignment model (one-time cost). Subsequent runs will be faster.
  warnings.warn(
/Users/viniciustormin/02 Areas/UFG/Visão Computacional/LipNet-PyTorch-Transformer/.venv/lib/python3.13/site-packages/face_alignment/api.py:130: UserWarning: Compiling face alignment model (one-time cost). Subsequent runs will be faster.
  warnings.warn(
/Users/viniciustormin/02 Areas/UFG/Visão Computacional/LipNet-PyTorch-Transformer/.venv/lib/python3.13/site-packages/face_alignment/api.py:130: UserWarning: Compiling face alignment model (one-time cost). Subsequent runs will be faster.
  warnings.warn(
/Users/viniciustormin/02 Areas/UFG/Visão Computacional/LipNet-PyTorch-Transformer/.venv/lib/python3.13/site-packages/face_alignment/api.py:130: UserWarning: Compiling face alignment model (one-time cost). Subsequent runs will be faster.
  warnings.warn(
/Users/viniciustormin/02 Areas/UFG/Visão Computacional/LipNet-PyTorch-Transformer/.venv/lib/python3.13/site-packages/face_alignment/api.py:130: UserWarning: Compiling face alignment model (one-time cost). Subsequent runs will be faster.
  warnings.warn(
/Users/viniciustormin/02 Areas/UFG/Visão Computacional/LipNet-PyTorch-Transformer/.venv/lib/python3.13/site-packages/face_alignment/api.py:130: UserWarning: Compiling face alignment model (one-time cost). Subsequent runs will be faster.
  warnings.warn(
/Users/viniciustormin/02 Areas/UFG/Visão Computacional/LipNet-PyTorch-Transformer/.venv/lib/python3.13/site-packages/face_alignment/api.py:130: UserWarning: Compiling face alignment model (one-time cost). Subsequent runs will be faster.
  warnings.warn(
/Users/viniciustormin/02 Areas/UFG/Visão Computacional/LipNet-PyTorch-Transformer/.venv/lib/python3.13/site-packages/face_alignment/api.py:130: UserWarning: Compiling face alignment model (one-time cost). Subsequent runs will be faster.
  warnings.warn(
/Users/viniciustormin/02 Areas/UFG/Visão Computacional/LipNet-PyTorch-Transformer/.venv/lib/python3.13/site-packages/face_alignment/api.py:130: UserWarning: Compiling face alignment model (one-time cost). Subsequent runs will be faster.
  warnings.warn(
/Users/viniciustormin/02 Areas/UFG/Visão Computacional/LipNet-PyTorch-Transformer/.venv/lib/python3.13/site-packages/face_alignment/api.py:130: UserWarning: Compiling face alignment model (one-time cost). Subsequent runs will be faster.
  warnings.warn(
/Users/viniciustormin/02 Areas/UFG/Visão Computacional/LipNet-PyTorch-Transformer/.venv/lib/python3.13/site-packages/face_alignment/api.py:130: UserWarning: Compiling face alignment model (one-time cost). Subsequent runs will be faster.
  warnings.warn(
/Users/viniciustormin/02 Areas/UFG/Visão Computacional/LipNet-PyTorch-Transformer/.venv/lib/python3.13/site-packages/face_alignment/api.py:130: UserWarning: Compiling face alignment model (one-time cost). Subsequent runs will be faster.
  warnings.warn(
/Users/viniciustormin/02 Areas/UFG/Visão Computacional/LipNet-PyTorch-Transformer/.venv/lib/python3.13/site-packages/face_alignment/api.py:130: UserWarning: Compiling face alignment model (one-time cost). Subsequent runs will be faster.
  warnings.warn(
/Users/viniciustormin/02 Areas/UFG/Visão Computacional/LipNet-PyTorch-Transformer/.venv/lib/python3.13/site-packages/face_alignment/api.py:130: UserWarning: Compiling face alignment model (one-time cost). Subsequent runs will be faster.
  warnings.warn(
/Users/viniciustormin/02 Areas/UFG/Visão Computacional/LipNet-PyTorch-Transformer/.venv/lib/python3.13/site-packages/face_alignment/api.py:130: UserWarning: Compiling face alignment model (one-time cost). Subsequent runs will be faster.
  warnings.warn(
/Users/viniciustormin/02 Areas/UFG/Visão Computacional/LipNet-PyTorch-Transformer/.venv/lib/python3.13/site-packages/face_alignment/api.py:130: UserWarning: Compiling face alignment model (one-time cost). Subsequent runs will be faster.
  warnings.warn(
/Users/viniciustormin/02 Areas/UFG/Visão Computacional/LipNet-PyTorch-Transformer/.venv/lib/python3.13/site-packages/face_alignment/api.py:130: UserWarning: Compiling face alignment model (one-time cost). Subsequent runs will be faster.
  warnings.warn(
/Users/viniciustormin/02 Areas/UFG/Visão Computacional/LipNet-PyTorch-Transformer/.venv/lib/python3.13/site-packages/face_alignment/api.py:130: UserWarning: Compiling face alignment model (one-time cost). Subsequent runs will be faster.
  warnings.warn(
/Users/viniciustormin/02 Areas/UFG/Visão Computacional/LipNet-PyTorch-Transformer/.venv/lib/python3.13/site-packages/face_alignment/api.py:130: UserWarning: Compiling face alignment model (one-time cost). Subsequent runs will be faster.
  warnings.warn(
/Users/viniciustormin/02 Areas/UFG/Visão Computacional/LipNet-PyTorch-Transformer/.venv/lib/python3.13/site-packages/face_alignment/api.py:130: UserWarning: Compiling face alignment model (one-time cost). Subsequent runs will be faster.
  warnings.warn(
/Users/viniciustormin/02 Areas/UFG/Visão Computacional/LipNet-PyTorch-Transformer/.venv/lib/python3.13/site-packages/face_alignment/api.py:130: UserWarning: Compiling face alignment model (one-time cost). Subsequent runs will be faster.
  warnings.warn(
/Users/viniciustormin/02 Areas/UFG/Visão Computacional/LipNet-PyTorch-Transformer/.venv/lib/python3.13/site-packages/face_alignment/api.py:130: UserWarning: Compiling face alignment model (one-time cost). Subsequent runs will be faster.
  warnings.warn(
/Users/viniciustormin/02 Areas/UFG/Visão Computacional/LipNet-PyTorch-Transformer/.venv/lib/python3.13/site-packages/face_alignment/api.py:130: UserWarning: Compiling face alignment model (one-time cost). Subsequent runs will be faster.
  warnings.warn(
/Users/viniciustormin/02 Areas/UFG/Visão Computacional/LipNet-PyTorch-Transformer/.venv/lib/python3.13/site-packages/face_alignment/api.py:130: UserWarning: Compiling face alignment model (one-time cost). Subsequent runs will be faster.
  warnings.warn(
/Users/viniciustormin/02 Areas/UFG/Visão Computacional/LipNet-PyTorch-Transformer/.venv/lib/python3.13/site-packages/face_alignment/api.py:130: UserWarning: Compiling face alignment model (one-time cost). Subsequent runs will be faster.
  warnings.warn(
/Users/viniciustormin/02 Areas/UFG/Visão Computacional/LipNet-PyTorch-Transformer/.venv/lib/python3.13/site-packages/face_alignment/api.py:130: UserWarning: Compiling face alignment model (one-time cost). Subsequent runs will be faster.
  warnings.warn(
/Users/viniciustormin/02 Areas/UFG/Visão Computacional/LipNet-PyTorch-Transformer/.venv/lib/python3.13/site-packages/face_alignment/api.py:130: UserWarning: Compiling face alignment model (one-time cost). Subsequent runs will be faster.
  warnings.warn(
/Users/viniciustormin/02 Areas/UFG/Visão Computacional/LipNet-PyTorch-Transformer/.venv/lib/python3.13/site-packages/face_alignment/api.py:130: UserWarning: Compiling face alignment model (one-time cost). Subsequent runs will be faster.
  warnings.warn(
/Users/viniciustormin/02 Areas/UFG/Visão Computacional/LipNet-PyTorch-Transformer/.venv/lib/python3.13/site-packages/face_alignment/api.py:130: UserWarning: Compiling face alignment model (one-time cost). Subsequent runs will be faster.
  warnings.warn(
/Users/viniciustormin/02 Areas/UFG/Visão Computacional/LipNet-PyTorch-Transformer/.venv/lib/python3.13/site-packages/face_alignment/api.py:130: UserWarning: Compiling face alignment model (one-time cost). Subsequent runs will be faster.
  warnings.warn(
/Users/viniciustormin/02 Areas/UFG/Visão Computacional/LipNet-PyTorch-Transformer/.venv/lib/python3.13/site-packages/face_alignment/api.py:130: UserWarning: Compiling face alignment model (one-time cost). Subsequent runs will be faster.
  warnings.warn(
/Users/viniciustormin/02 Areas/UFG/Visão Computacional/LipNet-PyTorch-Transformer/.venv/lib/python3.13/site-packages/face_alignment/api.py:130: UserWarning: Compiling face alignment model (one-time cost). Subsequent runs will be faster.
  warnings.warn(
/Users/viniciustormin/02 Areas/UFG/Visão Computacional/LipNet-PyTorch-Transformer/.venv/lib/python3.13/site-packages/face_alignment/api.py:130: UserWarning: Compiling face alignment model (one-time cost). Subsequent runs will be faster.
  warnings.warn(
/Users/viniciustormin/02 Areas/UFG/Visão Computacional/LipNet-PyTorch-Transformer/.venv/lib/python3.13/site-packages/face_alignment/api.py:130: UserWarning: Compiling face alignment model (one-time cost). Subsequent runs will be faster.
  warnings.warn(
/Users/viniciustormin/02 Areas/UFG/Visão Computacional/LipNet-PyTorch-Transformer/.venv/lib/python3.13/site-packages/face_alignment/api.py:130: UserWarning: Compiling face alignment model (one-time cost). Subsequent runs will be faster.
  warnings.warn(
/Users/viniciustormin/02 Areas/UFG/Visão Computacional/LipNet-PyTorch-Transformer/.venv/lib/python3.13/site-packages/face_alignment/api.py:130: UserWarning: Compiling face alignment model (one-time cost). Subsequent runs will be faster.
  warnings.warn(
/Users/viniciustormin/02 Areas/UFG/Visão Computacional/LipNet-PyTorch-Transformer/.venv/lib/python3.13/site-packages/face_alignment/api.py:130: UserWarning: Compiling face alignment model (one-time cost). Subsequent runs will be faster.
  warnings.warn(
/Users/viniciustormin/02 Areas/UFG/Visão Computacional/LipNet-PyTorch-Transformer/.venv/lib/python3.13/site-packages/face_alignment/api.py:130: UserWarning: Compiling face alignment model (one-time cost). Subsequent runs will be faster.
  warnings.warn(
/Users/viniciustormin/02 Areas/UFG/Visão Computacional/LipNet-PyTorch-Transformer/.venv/lib/python3.13/site-packages/face_alignment/api.py:130: UserWarning: Compiling face alignment model (one-time cost). Subsequent runs will be faster.
  warnings.warn(
/Users/viniciustormin/02 Areas/UFG/Visão Computacional/LipNet-PyTorch-Transformer/.venv/lib/python3.13/site-packages/face_alignment/api.py:130: UserWarning: Compiling face alignment model (one-time cost). Subsequent runs will be faster.
  warnings.warn(
/Users/viniciustormin/02 Areas/UFG/Visão Computacional/LipNet-PyTorch-Transformer/.venv/lib/python3.13/site-packages/face_alignment/api.py:130: UserWarning: Compiling face alignment model (one-time cost). Subsequent runs will be faster.
  warnings.warn(
/Users/viniciustormin/02 Areas/UFG/Visão Computacional/LipNet-PyTorch-Transformer/.venv/lib/python3.13/site-packages/face_alignment/api.py:130: UserWarning: Compiling face alignment model (one-time cost). Subsequent runs will be faster.
  warnings.warn(
/Users/viniciustormin/02 Areas/UFG/Visão Computacional/LipNet-PyTorch-Transformer/.venv/lib/python3.13/site-packages/face_alignment/api.py:130: UserWarning: Compiling face alignment model (one-time cost). Subsequent runs will be faster.
  warnings.warn(
/Users/viniciustormin/02 Areas/UFG/Visão Computacional/LipNet-PyTorch-Transformer/.venv/lib/python3.13/site-packages/face_alignment/api.py:130: UserWarning: Compiling face alignment model (one-time cost). Subsequent runs will be faster.
  warnings.warn(
/Users/viniciustormin/02 Areas/UFG/Visão Computacional/LipNet-PyTorch-Transformer/.venv/lib/python3.13/site-packages/face_alignment/api.py:130: UserWarning: Compiling face alignment model (one-time cost). Subsequent runs will be faster.
  warnings.warn(
/Users/viniciustormin/02 Areas/UFG/Visão Computacional/LipNet-PyTorch-Transformer/.venv/lib/python3.13/site-packages/face_alignment/api.py:130: UserWarning: Compiling face alignment model (one-time cost). Subsequent runs will be faster.
  warnings.warn(
/Users/viniciustormin/02 Areas/UFG/Visão Computacional/LipNet-PyTorch-Transformer/.venv/lib/python3.13/site-packages/face_alignment/api.py:130: UserWarning: Compiling face alignment model (one-time cost). Subsequent runs will be faster.
  warnings.warn(
/Users/viniciustormin/02 Areas/UFG/Visão Computacional/LipNet-PyTorch-Transformer/.venv/lib/python3.13/site-packages/face_alignment/api.py:130: UserWarning: Compiling face alignment model (one-time cost). Subsequent runs will be faster.
  warnings.warn(
/Users/viniciustormin/02 Areas/UFG/Visão Computacional/LipNet-PyTorch-Transformer/.venv/lib/python3.13/site-packages/face_alignment/api.py:130: UserWarning: Compiling face alignment model (one-time cost). Subsequent runs will be faster.
  warnings.warn(
/Users/viniciustormin/02 Areas/UFG/Visão Computacional/LipNet-PyTorch-Transformer/.venv/lib/python3.13/site-packages/face_alignment/api.py:130: UserWarning: Compiling face alignment model (one-time cost). Subsequent runs will be faster.
  warnings.warn(
/Users/viniciustormin/02 Areas/UFG/Visão Computacional/LipNet-PyTorch-Transformer/.venv/lib/python3.13/site-packages/face_alignment/api.py:215: UserWarning: No faces were detected.
  warnings.warn("No faces were detected.")
/Users/viniciustormin/02 Areas/UFG/Visão Computacional/LipNet-PyTorch-Transformer/.venv/lib/python3.13/site-packages/face_alignment/api.py:130: UserWarning: Compiling face alignment model (one-time cost). Subsequent runs will be faster.
  warnings.warn(
/Users/viniciustormin/02 Areas/UFG/Visão Computacional/LipNet-PyTorch-Transformer/.venv/lib/python3.13/site-packages/face_alignment/api.py:130: UserWarning: Compiling face alignment model (one-time cost). Subsequent runs will be faster.
  warnings.warn(
/Users/viniciustormin/02 Areas/UFG/Visão Computacional/LipNet-PyTorch-Transformer/.venv/lib/python3.13/site-packages/face_alignment/api.py:130: UserWarning: Compiling face alignment model (one-time cost). Subsequent runs will be faster.
  warnings.warn(
/Users/viniciustormin/02 Areas/UFG/Visão Computacional/LipNet-PyTorch-Transformer/.venv/lib/python3.13/site-packages/face_alignment/api.py:130: UserWarning: Compiling face alignment model (one-time cost). Subsequent runs will be faster.
  warnings.warn(
/Users/viniciustormin/02 Areas/UFG/Visão Computacional/LipNet-PyTorch-Transformer/.venv/lib/python3.13/site-packages/face_alignment/api.py:130: UserWarning: Compiling face alignment model (one-time cost). Subsequent runs will be faster.
  warnings.warn(
/Users/viniciustormin/02 Areas/UFG/Visão Computacional/LipNet-PyTorch-Transformer/.venv/lib/python3.13/site-packages/face_alignment/api.py:130: UserWarning: Compiling face alignment model (one-time cost). Subsequent runs will be faster.
  warnings.warn(
/Users/viniciustormin/02 Areas/UFG/Visão Computacional/LipNet-PyTorch-Transformer/.venv/lib/python3.13/site-packages/face_alignment/api.py:130: UserWarning: Compiling face alignment model (one-time cost). Subsequent runs will be faster.
  warnings.warn(
/Users/viniciustormin/02 Areas/UFG/Visão Computacional/LipNet-PyTorch-Transformer/.venv/lib/python3.13/site-packages/face_alignment/api.py:130: UserWarning: Compiling face alignment model (one-time cost). Subsequent runs will be faster.
  warnings.warn(
/Users/viniciustormin/02 Areas/UFG/Visão Computacional/LipNet-PyTorch-Transformer/.venv/lib/python3.13/site-packages/face_alignment/api.py:130: UserWarning: Compiling face alignment model (one-time cost). Subsequent runs will be faster.
  warnings.warn(
/Users/viniciustormin/02 Areas/UFG/Visão Computacional/LipNet-PyTorch-Transformer/.venv/lib/python3.13/site-packages/face_alignment/api.py:130: UserWarning: Compiling face alignment model (one-time cost). Subsequent runs will be faster.
  warnings.warn(
/Users/viniciustormin/02 Areas/UFG/Visão Computacional/LipNet-PyTorch-Transformer/.venv/lib/python3.13/site-packages/face_alignment/api.py:130: UserWarning: Compiling face alignment model (one-time cost). Subsequent runs will be faster.
  warnings.warn(
/Users/viniciustormin/02 Areas/UFG/Visão Computacional/LipNet-PyTorch-Transformer/.venv/lib/python3.13/site-packages/face_alignment/api.py:130: UserWarning: Compiling face alignment model (one-time cost). Subsequent runs will be faster.
  warnings.warn(
/Users/viniciustormin/02 Areas/UFG/Visão Computacional/LipNet-PyTorch-Transformer/.venv/lib/python3.13/site-packages/face_alignment/api.py:130: UserWarning: Compiling face alignment model (one-time cost). Subsequent runs will be faster.
  warnings.warn(
/Users/viniciustormin/02 Areas/UFG/Visão Computacional/LipNet-PyTorch-Transformer/.venv/lib/python3.13/site-packages/face_alignment/api.py:130: UserWarning: Compiling face alignment model (one-time cost). Subsequent runs will be faster.
  warnings.warn(
/Users/viniciustormin/02 Areas/UFG/Visão Computacional/LipNet-PyTorch-Transformer/.venv/lib/python3.13/site-packages/face_alignment/api.py:130: UserWarning: Compiling face alignment model (one-time cost). Subsequent runs will be faster.
  warnings.warn(
/Users/viniciustormin/02 Areas/UFG/Visão Computacional/LipNet-PyTorch-Transformer/.venv/lib/python3.13/site-packages/face_alignment/api.py:130: UserWarning: Compiling face alignment model (one-time cost). Subsequent runs will be faster.
  warnings.warn(
/Users/viniciustormin/02 Areas/UFG/Visão Computacional/LipNet-PyTorch-Transformer/.venv/lib/python3.13/site-packages/face_alignment/api.py:130: UserWarning: Compiling face alignment model (one-time cost). Subsequent runs will be faster.
  warnings.warn(
/Users/viniciustormin/02 Areas/UFG/Visão Computacional/LipNet-PyTorch-Transformer/.venv/lib/python3.13/site-packages/face_alignment/api.py:130: UserWarning: Compiling face alignment model (one-time cost). Subsequent runs will be faster.
  warnings.warn(
/Users/viniciustormin/02 Areas/UFG/Visão Computacional/LipNet-PyTorch-Transformer/.venv/lib/python3.13/site-packages/face_alignment/api.py:130: UserWarning: Compiling face alignment model (one-time cost). Subsequent runs will be faster.
  warnings.warn(
/Users/viniciustormin/02 Areas/UFG/Visão Computacional/LipNet-PyTorch-Transformer/.venv/lib/python3.13/site-packages/face_alignment/api.py:130: UserWarning: Compiling face alignment model (one-time cost). Subsequent runs will be faster.
  warnings.warn(
/Users/viniciustormin/02 Areas/UFG/Visão Computacional/LipNet-PyTorch-Transformer/.venv/lib/python3.13/site-packages/face_alignment/api.py:130: UserWarning: Compiling face alignment model (one-time cost). Subsequent runs will be faster.
  warnings.warn(
/Users/viniciustormin/02 Areas/UFG/Visão Computacional/LipNet-PyTorch-Transformer/.venv/lib/python3.13/site-packages/face_alignment/api.py:130: UserWarning: Compiling face alignment model (one-time cost). Subsequent runs will be faster.
  warnings.warn(
/Users/viniciustormin/02 Areas/UFG/Visão Computacional/LipNet-PyTorch-Transformer/.venv/lib/python3.13/site-packages/face_alignment/api.py:130: UserWarning: Compiling face alignment model (one-time cost). Subsequent runs will be faster.
  warnings.warn(
/Users/viniciustormin/02 Areas/UFG/Visão Computacional/LipNet-PyTorch-Transformer/.venv/lib/python3.13/site-packages/face_alignment/api.py:130: UserWarning: Compiling face alignment model (one-time cost). Subsequent runs will be faster.
  warnings.warn(
/Users/viniciustormin/02 Areas/UFG/Visão Computacional/LipNet-PyTorch-Transformer/.venv/lib/python3.13/site-packages/face_alignment/api.py:130: UserWarning: Compiling face alignment model (one-time cost). Subsequent runs will be faster.
  warnings.warn(
/Users/viniciustormin/02 Areas/UFG/Visão Computacional/LipNet-PyTorch-Transformer/.venv/lib/python3.13/site-packages/face_alignment/api.py:130: UserWarning: Compiling face alignment model (one-time cost). Subsequent runs will be faster.
  warnings.warn(
/Users/viniciustormin/02 Areas/UFG/Visão Computacional/LipNet-PyTorch-Transformer/.venv/lib/python3.13/site-packages/face_alignment/api.py:130: UserWarning: Compiling face alignment model (one-time cost). Subsequent runs will be faster.
  warnings.warn(
/Users/viniciustormin/02 Areas/UFG/Visão Computacional/LipNet-PyTorch-Transformer/.venv/lib/python3.13/site-packages/face_alignment/api.py:130: UserWarning: Compiling face alignment model (one-time cost). Subsequent runs will be faster.
  warnings.warn(
/Users/viniciustormin/02 Areas/UFG/Visão Computacional/LipNet-PyTorch-Transformer/.venv/lib/python3.13/site-packages/face_alignment/api.py:130: UserWarning: Compiling face alignment model (one-time cost). Subsequent runs will be faster.
  warnings.warn(
/Users/viniciustormin/02 Areas/UFG/Visão Computacional/LipNet-PyTorch-Transformer/.venv/lib/python3.13/site-packages/face_alignment/api.py:130: UserWarning: Compiling face alignment model (one-time cost). Subsequent runs will be faster.
  warnings.warn(
/Users/viniciustormin/02 Areas/UFG/Visão Computacional/LipNet-PyTorch-Transformer/.venv/lib/python3.13/site-packages/face_alignment/api.py:130: UserWarning: Compiling face alignment model (one-time cost). Subsequent runs will be faster.
  warnings.warn(
/Users/viniciustormin/02 Areas/UFG/Visão Computacional/LipNet-PyTorch-Transformer/.venv/lib/python3.13/site-packages/face_alignment/api.py:130: UserWarning: Compiling face alignment model (one-time cost). Subsequent runs will be faster.
  warnings.warn(
/Users/viniciustormin/02 Areas/UFG/Visão Computacional/LipNet-PyTorch-Transformer/.venv/lib/python3.13/site-packages/face_alignment/api.py:130: UserWarning: Compiling face alignment model (one-time cost). Subsequent runs will be faster.
  warnings.warn(
/Users/viniciustormin/02 Areas/UFG/Visão Computacional/LipNet-PyTorch-Transformer/.venv/lib/python3.13/site-packages/face_alignment/api.py:130: UserWarning: Compiling face alignment model (one-time cost). Subsequent runs will be faster.
  warnings.warn(
/Users/viniciustormin/02 Areas/UFG/Visão Computacional/LipNet-PyTorch-Transformer/.venv/lib/python3.13/site-packages/face_alignment/api.py:130: UserWarning: Compiling face alignment model (one-time cost). Subsequent runs will be faster.
  warnings.warn(
/Users/viniciustormin/02 Areas/UFG/Visão Computacional/LipNet-PyTorch-Transformer/.venv/lib/python3.13/site-packages/face_alignment/api.py:130: UserWarning: Compiling face alignment model (one-time cost). Subsequent runs will be faster.
  warnings.warn(
/Users/viniciustormin/02 Areas/UFG/Visão Computacional/LipNet-PyTorch-Transformer/.venv/lib/python3.13/site-packages/face_alignment/api.py:130: UserWarning: Compiling face alignment model (one-time cost). Subsequent runs will be faster.
  warnings.warn(
/Users/viniciustormin/02 Areas/UFG/Visão Computacional/LipNet-PyTorch-Transformer/.venv/lib/python3.13/site-packages/face_alignment/api.py:130: UserWarning: Compiling face alignment model (one-time cost). Subsequent runs will be faster.
  warnings.warn(
/Users/viniciustormin/02 Areas/UFG/Visão Computacional/LipNet-PyTorch-Transformer/.venv/lib/python3.13/site-packages/face_alignment/api.py:130: UserWarning: Compiling face alignment model (one-time cost). Subsequent runs will be faster.
  warnings.warn(
/Users/viniciustormin/02 Areas/UFG/Visão Computacional/LipNet-PyTorch-Transformer/.venv/lib/python3.13/site-packages/face_alignment/api.py:130: UserWarning: Compiling face alignment model (one-time cost). Subsequent runs will be faster.
  warnings.warn(
/Users/viniciustormin/02 Areas/UFG/Visão Computacional/LipNet-PyTorch-Transformer/.venv/lib/python3.13/site-packages/face_alignment/api.py:130: UserWarning: Compiling face alignment model (one-time cost). Subsequent runs will be faster.
  warnings.warn(
/Users/viniciustormin/02 Areas/UFG/Visão Computacional/LipNet-PyTorch-Transformer/.venv/lib/python3.13/site-packages/face_alignment/api.py:130: UserWarning: Compiling face alignment model (one-time cost). Subsequent runs will be faster.
  warnings.warn(
/Users/viniciustormin/02 Areas/UFG/Visão Computacional/LipNet-PyTorch-Transformer/.venv/lib/python3.13/site-packages/face_alignment/api.py:130: UserWarning: Compiling face alignment model (one-time cost). Subsequent runs will be faster.
  warnings.warn(
/Users/viniciustormin/02 Areas/UFG/Visão Computacional/LipNet-PyTorch-Transformer/.venv/lib/python3.13/site-packages/face_alignment/api.py:130: UserWarning: Compiling face alignment model (one-time cost). Subsequent runs will be faster.
  warnings.warn(
/Users/viniciustormin/02 Areas/UFG/Visão Computacional/LipNet-PyTorch-Transformer/.venv/lib/python3.13/site-packages/face_alignment/api.py:130: UserWarning: Compiling face alignment model (one-time cost). Subsequent runs will be faster.
  warnings.warn(
/Users/viniciustormin/02 Areas/UFG/Visão Computacional/LipNet-PyTorch-Transformer/.venv/lib/python3.13/site-packages/face_alignment/api.py:130: UserWarning: Compiling face alignment model (one-time cost). Subsequent runs will be faster.
  warnings.warn(
/Users/viniciustormin/02 Areas/UFG/Visão Computacional/LipNet-PyTorch-Transformer/.venv/lib/python3.13/site-packages/face_alignment/api.py:130: UserWarning: Compiling face alignment model (one-time cost). Subsequent runs will be faster.
  warnings.warn(
/Users/viniciustormin/02 Areas/UFG/Visão Computacional/LipNet-PyTorch-Transformer/.venv/lib/python3.13/site-packages/face_alignment/api.py:130: UserWarning: Compiling face alignment model (one-time cost). Subsequent runs will be faster.
  warnings.warn(
/Users/viniciustormin/02 Areas/UFG/Visão Computacional/LipNet-PyTorch-Transformer/.venv/lib/python3.13/site-packages/face_alignment/api.py:130: UserWarning: Compiling face alignment model (one-time cost). Subsequent runs will be faster.
  warnings.warn(
/Users/viniciustormin/02 Areas/UFG/Visão Computacional/LipNet-PyTorch-Transformer/.venv/lib/python3.13/site-packages/face_alignment/api.py:130: UserWarning: Compiling face alignment model (one-time cost). Subsequent runs will be faster.
  warnings.warn(
/Users/viniciustormin/02 Areas/UFG/Visão Computacional/LipNet-PyTorch-Transformer/.venv/lib/python3.13/site-packages/face_alignment/api.py:130: UserWarning: Compiling face alignment model (one-time cost). Subsequent runs will be faster.
  warnings.warn(
/Users/viniciustormin/02 Areas/UFG/Visão Computacional/LipNet-PyTorch-Transformer/.venv/lib/python3.13/site-packages/face_alignment/api.py:130: UserWarning: Compiling face alignment model (one-time cost). Subsequent runs will be faster.
  warnings.warn(
/Users/viniciustormin/02 Areas/UFG/Visão Computacional/LipNet-PyTorch-Transformer/.venv/lib/python3.13/site-packages/face_alignment/api.py:130: UserWarning: Compiling face alignment model (one-time cost). Subsequent runs will be faster.
  warnings.warn(
/Users/viniciustormin/02 Areas/UFG/Visão Computacional/LipNet-PyTorch-Transformer/.venv/lib/python3.13/site-packages/face_alignment/api.py:130: UserWarning: Compiling face alignment model (one-time cost). Subsequent runs will be faster.
  warnings.warn(
/Users/viniciustormin/02 Areas/UFG/Visão Computacional/LipNet-PyTorch-Transformer/.venv/lib/python3.13/site-packages/face_alignment/api.py:130: UserWarning: Compiling face alignment model (one-time cost). Subsequent runs will be faster.
  warnings.warn(
/Users/viniciustormin/02 Areas/UFG/Visão Computacional/LipNet-PyTorch-Transformer/.venv/lib/python3.13/site-packages/face_alignment/api.py:130: UserWarning: Compiling face alignment model (one-time cost). Subsequent runs will be faster.
  warnings.warn(
/Users/viniciustormin/02 Areas/UFG/Visão Computacional/LipNet-PyTorch-Transformer/.venv/lib/python3.13/site-packages/face_alignment/api.py:130: UserWarning: Compiling face alignment model (one-time cost). Subsequent runs will be faster.
  warnings.warn(
/Users/viniciustormin/02 Areas/UFG/Visão Computacional/LipNet-PyTorch-Transformer/.venv/lib/python3.13/site-packages/face_alignment/api.py:130: UserWarning: Compiling face alignment model (one-time cost). Subsequent runs will be faster.
  warnings.warn(
/Users/viniciustormin/02 Areas/UFG/Visão Computacional/LipNet-PyTorch-Transformer/.venv/lib/python3.13/site-packages/face_alignment/api.py:130: UserWarning: Compiling face alignment model (one-time cost). Subsequent runs will be faster.
  warnings.warn(
/Users/viniciustormin/02 Areas/UFG/Visão Computacional/LipNet-PyTorch-Transformer/.venv/lib/python3.13/site-packages/face_alignment/api.py:130: UserWarning: Compiling face alignment model (one-time cost). Subsequent runs will be faster.
  warnings.warn(
/Users/viniciustormin/02 Areas/UFG/Visão Computacional/LipNet-PyTorch-Transformer/.venv/lib/python3.13/site-packages/face_alignment/api.py:130: UserWarning: Compiling face alignment model (one-time cost). Subsequent runs will be faster.
  warnings.warn(
/Users/viniciustormin/02 Areas/UFG/Visão Computacional/LipNet-PyTorch-Transformer/.venv/lib/python3.13/site-packages/face_alignment/api.py:130: UserWarning: Compiling face alignment model (one-time cost). Subsequent runs will be faster.
  warnings.warn(
/Users/viniciustormin/02 Areas/UFG/Visão Computacional/LipNet-PyTorch-Transformer/.venv/lib/python3.13/site-packages/face_alignment/api.py:130: UserWarning: Compiling face alignment model (one-time cost). Subsequent runs will be faster.
  warnings.warn(
/Users/viniciustormin/02 Areas/UFG/Visão Computacional/LipNet-PyTorch-Transformer/.venv/lib/python3.13/site-packages/face_alignment/api.py:130: UserWarning: Compiling face alignment model (one-time cost). Subsequent runs will be faster.
  warnings.warn(
/Users/viniciustormin/02 Areas/UFG/Visão Computacional/LipNet-PyTorch-Transformer/.venv/lib/python3.13/site-packages/face_alignment/api.py:130: UserWarning: Compiling face alignment model (one-time cost). Subsequent runs will be faster.
  warnings.warn(
/Users/viniciustormin/02 Areas/UFG/Visão Computacional/LipNet-PyTorch-Transformer/.venv/lib/python3.13/site-packages/face_alignment/api.py:130: UserWarning: Compiling face alignment model (one-time cost). Subsequent runs will be faster.
  warnings.warn(
/Users/viniciustormin/02 Areas/UFG/Visão Computacional/LipNet-PyTorch-Transformer/.venv/lib/python3.13/site-packages/face_alignment/api.py:130: UserWarning: Compiling face alignment model (one-time cost). Subsequent runs will be faster.
  warnings.warn(
/Users/viniciustormin/02 Areas/UFG/Visão Computacional/LipNet-PyTorch-Transformer/.venv/lib/python3.13/site-packages/face_alignment/api.py:130: UserWarning: Compiling face alignment model (one-time cost). Subsequent runs will be faster.
  warnings.warn(
/Users/viniciustormin/02 Areas/UFG/Visão Computacional/LipNet-PyTorch-Transformer/.venv/lib/python3.13/site-packages/face_alignment/api.py:130: UserWarning: Compiling face alignment model (one-time cost). Subsequent runs will be faster.
  warnings.warn(
/Users/viniciustormin/02 Areas/UFG/Visão Computacional/LipNet-PyTorch-Transformer/.venv/lib/python3.13/site-packages/face_alignment/api.py:130: UserWarning: Compiling face alignment model (one-time cost). Subsequent runs will be faster.
  warnings.warn(
/Users/viniciustormin/02 Areas/UFG/Visão Computacional/LipNet-PyTorch-Transformer/.venv/lib/python3.13/site-packages/face_alignment/api.py:130: UserWarning: Compiling face alignment model (one-time cost). Subsequent runs will be faster.
  warnings.warn(

[503/1000] video/mpg_6000/pbav4p: OK (75 frames)
[504/1000] video/mpg_6000/pbav5a: OK (75 frames)
[505/1000] video/mpg_6000/pbbc4n: OK (75 frames)
[506/1000] video/mpg_6000/pbbc5s: OK (75 frames)
[507/1000] video/mpg_6000/pbbc6p: OK (75 frames)
[508/1000] video/mpg_6000/pbbc7a: OK (75 frames)
[509/1000] video/mpg_6000/pbbi8n: OK (75 frames)
[510/1000] video/mpg_6000/pbbi9s: OK (75 frames)
[511/1000] video/mpg_6000/pbbj1a: OK (75 frames)
[512/1000] video/mpg_6000/pbbjzp: OK (75 frames)
[513/1000] video/mpg_6000/pbbp2n: OK (75 frames)
[514/1000] video/mpg_6000/pbbp3s: OK (75 frames)
[515/1000] video/mpg_6000/pbbp4p: OK (75 frames)
[516/1000] video/mpg_6000/pbbp5a: OK (75 frames)
[517/1000] video/mpg_6000/pbbv6n: OK (75 frames)
[518/1000] video/mpg_6000/pbbv7s: OK (75 frames)
[519/1000] video/mpg_6000/pbbv8p: OK (75 frames)
[520/1000] video/mpg_6000/pbbv9a: OK (75 frames)
[521/1000] video/mpg_6000/pbib6n: OK (75 frames)
[522/1000] video/mpg_6000/pbib7s: OK (75 frames)
[523/1000] video/mpg_6000/pbib8p: OK (75 frames)
[524/1000] video/mpg_6000/pbib9a: OK (75 frames)
[525/1000] video/mpg_6000/pbii1s: OK (75 frames)
[526/1000] video/mpg_6000/pbii2p: OK (75 frames)
[527/1000] video/mpg_6000/pbii3a: OK (75 frames)
[528/1000] video/mpg_6000/pbiizn: OK (75 frames)
[529/1000] video/mpg_6000/pbio4n: OK (75 frames)
[530/1000] video/mpg_6000/pbio5s: OK (75 frames)
[531/1000] video/mpg_6000/pbio6p: OK (75 frames)
[532/1000] video/mpg_6000/pbio7a: OK (42 frames)
[533/1000] video/mpg_6000/pbiu8n: OK (75 frames)
[534/1000] video/mpg_6000/pbiu9s: OK (75 frames)
[535/1000] video/mpg_6000/pbiv1a: OK (75 frames)
[536/1000] video/mpg_6000/pbivzp: OK (75 frames)
[537/1000] video/mpg_6000/pbwc8n: OK (75 frames)
[538/1000] video/mpg_6000/pbwc9s: OK (75 frames)
[539/1000] video/mpg_6000/pbwd1a: OK (75 frames)
[540/1000] video/mpg_6000/pbwdzp: OK (75 frames)
[541/1000] video/mpg_6000/pbwj2n: OK (75 frames)
[542/1000] video/mpg_6000/pbwj3s: OK (75 frames)
[543/1000] video/mpg_6000/pbwj4p: OK (75 frames)
[544/1000] video/mpg_6000/pbwj5a: OK (75 frames)
[545/1000] video/mpg_6000/pbwp6n: OK (75 frames)
[546/1000] video/mpg_6000/pbwp7s: OK (75 frames)
[547/1000] video/mpg_6000/pbwp8p: OK (75 frames)
[548/1000] video/mpg_6000/pbwp9a: OK (75 frames)
[549/1000] video/mpg_6000/pbwx1s: OK (63 frames)
[550/1000] video/mpg_6000/pbwx2p: OK (75 frames)
[551/1000] video/mpg_6000/pbwx3a: OK (75 frames)
[552/1000] video/mpg_6000/pbwxzn: OK (75 frames)
[553/1000] video/mpg_6000/pgad8n: OK (75 frames)
[554/1000] video/mpg_6000/pgad9s: OK (75 frames)
[555/1000] video/mpg_6000/pgae1a: OK (75 frames)
[556/1000] video/mpg_6000/pgaezp: OK (75 frames)
[557/1000] video/mpg_6000/pgak2n: OK (75 frames)
[558/1000] video/mpg_6000/pgak3s: OK (75 frames)
[559/1000] video/mpg_6000/pgak4p: OK (75 frames)
[560/1000] video/mpg_6000/pgak5a: OK (75 frames)
[561/1000] video/mpg_6000/pgaq6n: OK (75 frames)
[562/1000] video/mpg_6000/pgaq7s: OK (75 frames)
[563/1000] video/mpg_6000/pgaq8p: OK (75 frames)
[564/1000] video/mpg_6000/pgaq9a: OK (75 frames)
[565/1000] video/mpg_6000/pgay1s: OK (75 frames)
[566/1000] video/mpg_6000/pgay2p: OK (75 frames)
[567/1000] video/mpg_6000/pgay3a: OK (75 frames)
[568/1000] video/mpg_6000/pgayzn: OK (75 frames)
[569/1000] video/mpg_6000/pgbe2n: OK (75 frames)
[570/1000] video/mpg_6000/pgbe3s: OK (75 frames)
[571/1000] video/mpg_6000/pgbe4p: OK (75 frames)
[572/1000] video/mpg_6000/pgbe5a: OK (75 frames)
[573/1000] video/mpg_6000/pgbk6n: OK (75 frames)
[574/1000] video/mpg_6000/pgbk7s: OK (75 frames)
[575/1000] video/mpg_6000/pgbk8p: OK (75 frames)
[576/1000] video/mpg_6000/pgbk9a: OK (75 frames)
[577/1000] video/mpg_6000/pgbr1s: OK (75 frames)
[578/1000] video/mpg_6000/pgbr2p: OK (75 frames)
[579/1000] video/mpg_6000/pgbr3a: OK (75 frames)
[580/1000] video/mpg_6000/pgbrzn: OK (75 frames)
[581/1000] video/mpg_6000/pgby4n: OK (75 frames)
[582/1000] video/mpg_6000/pgby5s: OK (75 frames)
[583/1000] video/mpg_6000/pgby6p: OK (75 frames)
[584/1000] video/mpg_6000/pgby7a: OK (75 frames)
[585/1000] video/mpg_6000/pgid4n: OK (75 frames)
[586/1000] video/mpg_6000/pgid5s: OK (75 frames)
[587/1000] video/mpg_6000/pgid6p: OK (75 frames)
[588/1000] video/mpg_6000/pgid7a: OK (75 frames)
[589/1000] video/mpg_6000/pgij8n: OK (75 frames)
[590/1000] video/mpg_6000/pgij9s: OK (75 frames)
[591/1000] video/mpg_6000/pgik1a: OK (75 frames)
[592/1000] video/mpg_6000/pgikzp: OK (75 frames)
[593/1000] video/mpg_6000/pgiq2n: OK (75 frames)
[594/1000] video/mpg_6000/pgiq3s: OK (75 frames)
[595/1000] video/mpg_6000/pgiq4p: OK (75 frames)
[596/1000] video/mpg_6000/pgiq5a: OK (75 frames)
[597/1000] video/mpg_6000/pgix6n: OK (75 frames)
[598/1000] video/mpg_6000/pgix7s: OK (75 frames)
[599/1000] video/mpg_6000/pgix8p: OK (75 frames)
[600/1000] video/mpg_6000/pgix9a: OK (75 frames)
[601/1000] video/mpg_6000/pgwe6n: OK (75 frames)
[602/1000] video/mpg_6000/pgwe7s: OK (75 frames)
[603/1000] video/mpg_6000/pgwe8p: OK (75 frames)
[604/1000] video/mpg_6000/pgwe9a: OK (75 frames)
[605/1000] video/mpg_6000/pgwl1s: OK (75 frames)
[606/1000] video/mpg_6000/pgwl2p: OK (75 frames)
[607/1000] video/mpg_6000/pgwl3a: OK (75 frames)
[608/1000] video/mpg_6000/pgwlzn: OK (75 frames)
[609/1000] video/mpg_6000/pgwr4n: OK (75 frames)
[610/1000] video/mpg_6000/pgwr5s: OK (75 frames)
[611/1000] video/mpg_6000/pgwr6p: OK (75 frames)
[612/1000] video/mpg_6000/pgwr7a: OK (75 frames)
[613/1000] video/mpg_6000/pgwy8n: OK (75 frames)
[614/1000] video/mpg_6000/pgwy9s: OK (75 frames)
[615/1000] video/mpg_6000/pgwz1a: OK (75 frames)
[616/1000] video/mpg_6000/pgwzzp: OK (75 frames)
[617/1000] video/mpg_6000/prac6n: OK (75 frames)
[618/1000] video/mpg_6000/prac7s: OK (75 frames)
[619/1000] video/mpg_6000/prac8p: OK (75 frames)
[620/1000] video/mpg_6000/prac9a: OK (75 frames)
[621/1000] video/mpg_6000/praj1s: OK (75 frames)
[622/1000] video/mpg_6000/praj2p: OK (75 frames)
[623/1000] video/mpg_6000/praj3a: OK (75 frames)
[624/1000] video/mpg_6000/prajzn: OK (75 frames)
[625/1000] video/mpg_6000/prap4n: OK (75 frames)
[626/1000] video/mpg_6000/prap5s: OK (75 frames)
[627/1000] video/mpg_6000/prap6p: OK (75 frames)
[628/1000] video/mpg_6000/prap7a: OK (75 frames)
[629/1000] video/mpg_6000/prav8n: OK (75 frames)
[630/1000] video/mpg_6000/prav9s: OK (75 frames)
[631/1000] video/mpg_6000/prax1a: OK (75 frames)
[632/1000] video/mpg_6000/praxzp: OK (75 frames)
[633/1000] video/mpg_6000/prbd1s: OK (75 frames)
[634/1000] video/mpg_6000/prbd2p: OK (75 frames)
[635/1000] video/mpg_6000/prbd3a: OK (75 frames)
[636/1000] video/mpg_6000/prbdzn: OK (75 frames)
[637/1000] video/mpg_6000/prbj4n: OK (75 frames)
[638/1000] video/mpg_6000/prbj5s: OK (75 frames)
[639/1000] video/mpg_6000/prbj6p: OK (75 frames)
[640/1000] video/mpg_6000/prbj7a: OK (75 frames)
[641/1000] video/mpg_6000/prbp8n: OK (75 frames)
[642/1000] video/mpg_6000/prbp9s: OK (75 frames)
[643/1000] video/mpg_6000/prbq1a: OK (75 frames)
[644/1000] video/mpg_6000/prbqzp: OK (75 frames)
[645/1000] video/mpg_6000/prbx2n: OK (75 frames)
[646/1000] video/mpg_6000/prbx3s: OK (75 frames)
[647/1000] video/mpg_6000/prbx4p: OK (75 frames)
[648/1000] video/mpg_6000/prbx5a: OK (75 frames)
[649/1000] video/mpg_6000/pric2n: OK (75 frames)
[650/1000] video/mpg_6000/pric3s: OK (75 frames)
[651/1000] video/mpg_6000/pric4p: OK (75 frames)
[652/1000] video/mpg_6000/pric5a: OK (75 frames)
[653/1000] video/mpg_6000/prii6n: OK (75 frames)
[654/1000] video/mpg_6000/prii7s: OK (75 frames)
[655/1000] video/mpg_6000/prii8p: OK (75 frames)
[656/1000] video/mpg_6000/prii9a: OK (66 frames)
[657/1000] video/mpg_6000/prip1s: OK (75 frames)
[658/1000] video/mpg_6000/prip2p: OK (75 frames)
[659/1000] video/mpg_6000/prip3a: OK (75 frames)
[660/1000] video/mpg_6000/pripzn: OK (75 frames)
[661/1000] video/mpg_6000/priv4n: OK (75 frames)
[662/1000] video/mpg_6000/priv5s: OK (75 frames)
[663/1000] video/mpg_6000/priv6p: OK (75 frames)
[664/1000] video/mpg_6000/priv7a: OK (75 frames)
[665/1000] video/mpg_6000/prwd4n: OK (75 frames)
[666/1000] video/mpg_6000/prwd5s: OK (75 frames)
[667/1000] video/mpg_6000/prwd6p: OK (75 frames)
[668/1000] video/mpg_6000/prwd7a: OK (75 frames)
[669/1000] video/mpg_6000/prwj8n: OK (75 frames)
[670/1000] video/mpg_6000/prwj9s: OK (75 frames)/Users/viniciustormin/02 Areas/UFG/Visão Computacional/LipNet-PyTorch-Transformer/.venv/lib/python3.13/site-packages/face_alignment/api.py:130: UserWarning: Compiling face alignment model (one-time cost). Subsequent runs will be faster.
  warnings.warn(
/Users/viniciustormin/02 Areas/UFG/Visão Computacional/LipNet-PyTorch-Transformer/.venv/lib/python3.13/site-packages/face_alignment/api.py:130: UserWarning: Compiling face alignment model (one-time cost). Subsequent runs will be faster.
  warnings.warn(
/Users/viniciustormin/02 Areas/UFG/Visão Computacional/LipNet-PyTorch-Transformer/.venv/lib/python3.13/site-packages/face_alignment/api.py:130: UserWarning: Compiling face alignment model (one-time cost). Subsequent runs will be faster.
  warnings.warn(
/Users/viniciustormin/02 Areas/UFG/Visão Computacional/LipNet-PyTorch-Transformer/.venv/lib/python3.13/site-packages/face_alignment/api.py:130: UserWarning: Compiling face alignment model (one-time cost). Subsequent runs will be faster.
  warnings.warn(
/Users/viniciustormin/02 Areas/UFG/Visão Computacional/LipNet-PyTorch-Transformer/.venv/lib/python3.13/site-packages/face_alignment/api.py:130: UserWarning: Compiling face alignment model (one-time cost). Subsequent runs will be faster.
  warnings.warn(
/Users/viniciustormin/02 Areas/UFG/Visão Computacional/LipNet-PyTorch-Transformer/.venv/lib/python3.13/site-packages/face_alignment/api.py:130: UserWarning: Compiling face alignment model (one-time cost). Subsequent runs will be faster.
  warnings.warn(
/Users/viniciustormin/02 Areas/UFG/Visão Computacional/LipNet-PyTorch-Transformer/.venv/lib/python3.13/site-packages/face_alignment/api.py:130: UserWarning: Compiling face alignment model (one-time cost). Subsequent runs will be faster.
  warnings.warn(
/Users/viniciustormin/02 Areas/UFG/Visão Computacional/LipNet-PyTorch-Transformer/.venv/lib/python3.13/site-packages/face_alignment/api.py:130: UserWarning: Compiling face alignment model (one-time cost). Subsequent runs will be faster.
  warnings.warn(
/Users/viniciustormin/02 Areas/UFG/Visão Computacional/LipNet-PyTorch-Transformer/.venv/lib/python3.13/site-packages/face_alignment/api.py:130: UserWarning: Compiling face alignment model (one-time cost). Subsequent runs will be faster.
  warnings.warn(
/Users/viniciustormin/02 Areas/UFG/Visão Computacional/LipNet-PyTorch-Transformer/.venv/lib/python3.13/site-packages/face_alignment/api.py:130: UserWarning: Compiling face alignment model (one-time cost). Subsequent runs will be faster.
  warnings.warn(
/Users/viniciustormin/02 Areas/UFG/Visão Computacional/LipNet-PyTorch-Transformer/.venv/lib/python3.13/site-packages/face_alignment/api.py:130: UserWarning: Compiling face alignment model (one-time cost). Subsequent runs will be faster.
  warnings.warn(
/Users/viniciustormin/02 Areas/UFG/Visão Computacional/LipNet-PyTorch-Transformer/.venv/lib/python3.13/site-packages/face_alignment/api.py:130: UserWarning: Compiling face alignment model (one-time cost). Subsequent runs will be faster.
  warnings.warn(
/Users/viniciustormin/02 Areas/UFG/Visão Computacional/LipNet-PyTorch-Transformer/.venv/lib/python3.13/site-packages/face_alignment/api.py:130: UserWarning: Compiling face alignment model (one-time cost). Subsequent runs will be faster.
  warnings.warn(
/Users/viniciustormin/02 Areas/UFG/Visão Computacional/LipNet-PyTorch-Transformer/.venv/lib/python3.13/site-packages/face_alignment/api.py:130: UserWarning: Compiling face alignment model (one-time cost). Subsequent runs will be faster.
  warnings.warn(
/Users/viniciustormin/02 Areas/UFG/Visão Computacional/LipNet-PyTorch-Transformer/.venv/lib/python3.13/site-packages/face_alignment/api.py:130: UserWarning: Compiling face alignment model (one-time cost). Subsequent runs will be faster.
  warnings.warn(
/Users/viniciustormin/02 Areas/UFG/Visão Computacional/LipNet-PyTorch-Transformer/.venv/lib/python3.13/site-packages/face_alignment/api.py:130: UserWarning: Compiling face alignment model (one-time cost). Subsequent runs will be faster.
  warnings.warn(
/Users/viniciustormin/02 Areas/UFG/Visão Computacional/LipNet-PyTorch-Transformer/.venv/lib/python3.13/site-packages/face_alignment/api.py:130: UserWarning: Compiling face alignment model (one-time cost). Subsequent runs will be faster.
  warnings.warn(
/Users/viniciustormin/02 Areas/UFG/Visão Computacional/LipNet-PyTorch-Transformer/.venv/lib/python3.13/site-packages/face_alignment/api.py:130: UserWarning: Compiling face alignment model (one-time cost). Subsequent runs will be faster.
  warnings.warn(
/Users/viniciustormin/02 Areas/UFG/Visão Computacional/LipNet-PyTorch-Transformer/.venv/lib/python3.13/site-packages/face_alignment/api.py:130: UserWarning: Compiling face alignment model (one-time cost). Subsequent runs will be faster.
  warnings.warn(
/Users/viniciustormin/02 Areas/UFG/Visão Computacional/LipNet-PyTorch-Transformer/.venv/lib/python3.13/site-packages/face_alignment/api.py:130: UserWarning: Compiling face alignment model (one-time cost). Subsequent runs will be faster.
  warnings.warn(
/Users/viniciustormin/02 Areas/UFG/Visão Computacional/LipNet-PyTorch-Transformer/.venv/lib/python3.13/site-packages/face_alignment/api.py:130: UserWarning: Compiling face alignment model (one-time cost). Subsequent runs will be faster.
  warnings.warn(
/Users/viniciustormin/02 Areas/UFG/Visão Computacional/LipNet-PyTorch-Transformer/.venv/lib/python3.13/site-packages/face_alignment/api.py:130: UserWarning: Compiling face alignment model (one-time cost). Subsequent runs will be faster.
  warnings.warn(
/Users/viniciustormin/02 Areas/UFG/Visão Computacional/LipNet-PyTorch-Transformer/.venv/lib/python3.13/site-packages/face_alignment/api.py:130: UserWarning: Compiling face alignment model (one-time cost). Subsequent runs will be faster.
  warnings.warn(
/Users/viniciustormin/02 Areas/UFG/Visão Computacional/LipNet-PyTorch-Transformer/.venv/lib/python3.13/site-packages/face_alignment/api.py:130: UserWarning: Compiling face alignment model (one-time cost). Subsequent runs will be faster.
  warnings.warn(
/Users/viniciustormin/02 Areas/UFG/Visão Computacional/LipNet-PyTorch-Transformer/.venv/lib/python3.13/site-packages/face_alignment/api.py:130: UserWarning: Compiling face alignment model (one-time cost). Subsequent runs will be faster.
  warnings.warn(
/Users/viniciustormin/02 Areas/UFG/Visão Computacional/LipNet-PyTorch-Transformer/.venv/lib/python3.13/site-packages/face_alignment/api.py:130: UserWarning: Compiling face alignment model (one-time cost). Subsequent runs will be faster.
  warnings.warn(
/Users/viniciustormin/02 Areas/UFG/Visão Computacional/LipNet-PyTorch-Transformer/.venv/lib/python3.13/site-packages/face_alignment/api.py:130: UserWarning: Compiling face alignment model (one-time cost). Subsequent runs will be faster.
  warnings.warn(
/Users/viniciustormin/02 Areas/UFG/Visão Computacional/LipNet-PyTorch-Transformer/.venv/lib/python3.13/site-packages/face_alignment/api.py:130: UserWarning: Compiling face alignment model (one-time cost). Subsequent runs will be faster.
  warnings.warn(
/Users/viniciustormin/02 Areas/UFG/Visão Computacional/LipNet-PyTorch-Transformer/.venv/lib/python3.13/site-packages/face_alignment/api.py:130: UserWarning: Compiling face alignment model (one-time cost). Subsequent runs will be faster.
  warnings.warn(
/Users/viniciustormin/02 Areas/UFG/Visão Computacional/LipNet-PyTorch-Transformer/.venv/lib/python3.13/site-packages/face_alignment/api.py:130: UserWarning: Compiling face alignment model (one-time cost). Subsequent runs will be faster.
  warnings.warn(
/Users/viniciustormin/02 Areas/UFG/Visão Computacional/LipNet-PyTorch-Transformer/.venv/lib/python3.13/site-packages/face_alignment/api.py:130: UserWarning: Compiling face alignment model (one-time cost). Subsequent runs will be faster.
  warnings.warn(
/Users/viniciustormin/02 Areas/UFG/Visão Computacional/LipNet-PyTorch-Transformer/.venv/lib/python3.13/site-packages/face_alignment/api.py:130: UserWarning: Compiling face alignment model (one-time cost). Subsequent runs will be faster.
  warnings.warn(
/Users/viniciustormin/02 Areas/UFG/Visão Computacional/LipNet-PyTorch-Transformer/.venv/lib/python3.13/site-packages/face_alignment/api.py:130: UserWarning: Compiling face alignment model (one-time cost). Subsequent runs will be faster.
  warnings.warn(
/Users/viniciustormin/02 Areas/UFG/Visão Computacional/LipNet-PyTorch-Transformer/.venv/lib/python3.13/site-packages/face_alignment/api.py:130: UserWarning: Compiling face alignment model (one-time cost). Subsequent runs will be faster.
  warnings.warn(
/Users/viniciustormin/02 Areas/UFG/Visão Computacional/LipNet-PyTorch-Transformer/.venv/lib/python3.13/site-packages/face_alignment/api.py:130: UserWarning: Compiling face alignment model (one-time cost). Subsequent runs will be faster.
  warnings.warn(
/Users/viniciustormin/02 Areas/UFG/Visão Computacional/LipNet-PyTorch-Transformer/.venv/lib/python3.13/site-packages/face_alignment/api.py:130: UserWarning: Compiling face alignment model (one-time cost). Subsequent runs will be faster.
  warnings.warn(
/Users/viniciustormin/02 Areas/UFG/Visão Computacional/LipNet-PyTorch-Transformer/.venv/lib/python3.13/site-packages/face_alignment/api.py:130: UserWarning: Compiling face alignment model (one-time cost). Subsequent runs will be faster.
  warnings.warn(
/Users/viniciustormin/02 Areas/UFG/Visão Computacional/LipNet-PyTorch-Transformer/.venv/lib/python3.13/site-packages/face_alignment/api.py:130: UserWarning: Compiling face alignment model (one-time cost). Subsequent runs will be faster.
  warnings.warn(
/Users/viniciustormin/02 Areas/UFG/Visão Computacional/LipNet-PyTorch-Transformer/.venv/lib/python3.13/site-packages/face_alignment/api.py:130: UserWarning: Compiling face alignment model (one-time cost). Subsequent runs will be faster.
  warnings.warn(
/Users/viniciustormin/02 Areas/UFG/Visão Computacional/LipNet-PyTorch-Transformer/.venv/lib/python3.13/site-packages/face_alignment/api.py:130: UserWarning: Compiling face alignment model (one-time cost). Subsequent runs will be faster.
  warnings.warn(
/Users/viniciustormin/02 Areas/UFG/Visão Computacional/LipNet-PyTorch-Transformer/.venv/lib/python3.13/site-packages/face_alignment/api.py:130: UserWarning: Compiling face alignment model (one-time cost). Subsequent runs will be faster.
  warnings.warn(
/Users/viniciustormin/02 Areas/UFG/Visão Computacional/LipNet-PyTorch-Transformer/.venv/lib/python3.13/site-packages/face_alignment/api.py:130: UserWarning: Compiling face alignment model (one-time cost). Subsequent runs will be faster.
  warnings.warn(
/Users/viniciustormin/02 Areas/UFG/Visão Computacional/LipNet-PyTorch-Transformer/.venv/lib/python3.13/site-packages/face_alignment/api.py:130: UserWarning: Compiling face alignment model (one-time cost). Subsequent runs will be faster.
  warnings.warn(
/Users/viniciustormin/02 Areas/UFG/Visão Computacional/LipNet-PyTorch-Transformer/.venv/lib/python3.13/site-packages/face_alignment/api.py:130: UserWarning: Compiling face alignment model (one-time cost). Subsequent runs will be faster.
  warnings.warn(
/Users/viniciustormin/02 Areas/UFG/Visão Computacional/LipNet-PyTorch-Transformer/.venv/lib/python3.13/site-packages/face_alignment/api.py:215: UserWarning: No faces were detected.
  warnings.warn("No faces were detected.")
/Users/viniciustormin/02 Areas/UFG/Visão Computacional/LipNet-PyTorch-Transformer/.venv/lib/python3.13/site-packages/face_alignment/api.py:130: UserWarning: Compiling face alignment model (one-time cost). Subsequent runs will be faster.
  warnings.warn(
/Users/viniciustormin/02 Areas/UFG/Visão Computacional/LipNet-PyTorch-Transformer/.venv/lib/python3.13/site-packages/face_alignment/api.py:130: UserWarning: Compiling face alignment model (one-time cost). Subsequent runs will be faster.
  warnings.warn(
/Users/viniciustormin/02 Areas/UFG/Visão Computacional/LipNet-PyTorch-Transformer/.venv/lib/python3.13/site-packages/face_alignment/api.py:130: UserWarning: Compiling face alignment model (one-time cost). Subsequent runs will be faster.
  warnings.warn(
/Users/viniciustormin/02 Areas/UFG/Visão Computacional/LipNet-PyTorch-Transformer/.venv/lib/python3.13/site-packages/face_alignment/api.py:130: UserWarning: Compiling face alignment model (one-time cost). Subsequent runs will be faster.
  warnings.warn(
/Users/viniciustormin/02 Areas/UFG/Visão Computacional/LipNet-PyTorch-Transformer/.venv/lib/python3.13/site-packages/face_alignment/api.py:130: UserWarning: Compiling face alignment model (one-time cost). Subsequent runs will be faster.
  warnings.warn(
/Users/viniciustormin/02 Areas/UFG/Visão Computacional/LipNet-PyTorch-Transformer/.venv/lib/python3.13/site-packages/face_alignment/api.py:130: UserWarning: Compiling face alignment model (one-time cost). Subsequent runs will be faster.
  warnings.warn(
/Users/viniciustormin/02 Areas/UFG/Visão Computacional/LipNet-PyTorch-Transformer/.venv/lib/python3.13/site-packages/face_alignment/api.py:130: UserWarning: Compiling face alignment model (one-time cost). Subsequent runs will be faster.
  warnings.warn(
/Users/viniciustormin/02 Areas/UFG/Visão Computacional/LipNet-PyTorch-Transformer/.venv/lib/python3.13/site-packages/face_alignment/api.py:130: UserWarning: Compiling face alignment model (one-time cost). Subsequent runs will be faster.
  warnings.warn(
/Users/viniciustormin/02 Areas/UFG/Visão Computacional/LipNet-PyTorch-Transformer/.venv/lib/python3.13/site-packages/face_alignment/api.py:130: UserWarning: Compiling face alignment model (one-time cost). Subsequent runs will be faster.
  warnings.warn(
/Users/viniciustormin/02 Areas/UFG/Visão Computacional/LipNet-PyTorch-Transformer/.venv/lib/python3.13/site-packages/face_alignment/api.py:130: UserWarning: Compiling face alignment model (one-time cost). Subsequent runs will be faster.
  warnings.warn(
/Users/viniciustormin/02 Areas/UFG/Visão Computacional/LipNet-PyTorch-Transformer/.venv/lib/python3.13/site-packages/face_alignment/api.py:130: UserWarning: Compiling face alignment model (one-time cost). Subsequent runs will be faster.
  warnings.warn(
/Users/viniciustormin/02 Areas/UFG/Visão Computacional/LipNet-PyTorch-Transformer/.venv/lib/python3.13/site-packages/face_alignment/api.py:130: UserWarning: Compiling face alignment model (one-time cost). Subsequent runs will be faster.
  warnings.warn(
/Users/viniciustormin/02 Areas/UFG/Visão Computacional/LipNet-PyTorch-Transformer/.venv/lib/python3.13/site-packages/face_alignment/api.py:130: UserWarning: Compiling face alignment model (one-time cost). Subsequent runs will be faster.
  warnings.warn(
/Users/viniciustormin/02 Areas/UFG/Visão Computacional/LipNet-PyTorch-Transformer/.venv/lib/python3.13/site-packages/face_alignment/api.py:130: UserWarning: Compiling face alignment model (one-time cost). Subsequent runs will be faster.
  warnings.warn(
/Users/viniciustormin/02 Areas/UFG/Visão Computacional/LipNet-PyTorch-Transformer/.venv/lib/python3.13/site-packages/face_alignment/api.py:130: UserWarning: Compiling face alignment model (one-time cost). Subsequent runs will be faster.
  warnings.warn(
/Users/viniciustormin/02 Areas/UFG/Visão Computacional/LipNet-PyTorch-Transformer/.venv/lib/python3.13/site-packages/face_alignment/api.py:130: UserWarning: Compiling face alignment model (one-time cost). Subsequent runs will be faster.
  warnings.warn(
/Users/viniciustormin/02 Areas/UFG/Visão Computacional/LipNet-PyTorch-Transformer/.venv/lib/python3.13/site-packages/face_alignment/api.py:130: UserWarning: Compiling face alignment model (one-time cost). Subsequent runs will be faster.
  warnings.warn(
/Users/viniciustormin/02 Areas/UFG/Visão Computacional/LipNet-PyTorch-Transformer/.venv/lib/python3.13/site-packages/face_alignment/api.py:130: UserWarning: Compiling face alignment model (one-time cost). Subsequent runs will be faster.
  warnings.warn(
/Users/viniciustormin/02 Areas/UFG/Visão Computacional/LipNet-PyTorch-Transformer/.venv/lib/python3.13/site-packages/face_alignment/api.py:130: UserWarning: Compiling face alignment model (one-time cost). Subsequent runs will be faster.
  warnings.warn(
/Users/viniciustormin/02 Areas/UFG/Visão Computacional/LipNet-PyTorch-Transformer/.venv/lib/python3.13/site-packages/face_alignment/api.py:130: UserWarning: Compiling face alignment model (one-time cost). Subsequent runs will be faster.
  warnings.warn(
/Users/viniciustormin/02 Areas/UFG/Visão Computacional/LipNet-PyTorch-Transformer/.venv/lib/python3.13/site-packages/face_alignment/api.py:130: UserWarning: Compiling face alignment model (one-time cost). Subsequent runs will be faster.
  warnings.warn(
/Users/viniciustormin/02 Areas/UFG/Visão Computacional/LipNet-PyTorch-Transformer/.venv/lib/python3.13/site-packages/face_alignment/api.py:130: UserWarning: Compiling face alignment model (one-time cost). Subsequent runs will be faster.
  warnings.warn(
/Users/viniciustormin/02 Areas/UFG/Visão Computacional/LipNet-PyTorch-Transformer/.venv/lib/python3.13/site-packages/face_alignment/api.py:130: UserWarning: Compiling face alignment model (one-time cost). Subsequent runs will be faster.
  warnings.warn(
/Users/viniciustormin/02 Areas/UFG/Visão Computacional/LipNet-PyTorch-Transformer/.venv/lib/python3.13/site-packages/face_alignment/api.py:130: UserWarning: Compiling face alignment model (one-time cost). Subsequent runs will be faster.
  warnings.warn(
/Users/viniciustormin/02 Areas/UFG/Visão Computacional/LipNet-PyTorch-Transformer/.venv/lib/python3.13/site-packages/face_alignment/api.py:130: UserWarning: Compiling face alignment model (one-time cost). Subsequent runs will be faster.
  warnings.warn(
/Users/viniciustormin/02 Areas/UFG/Visão Computacional/LipNet-PyTorch-Transformer/.venv/lib/python3.13/site-packages/face_alignment/api.py:130: UserWarning: Compiling face alignment model (one-time cost). Subsequent runs will be faster.
  warnings.warn(
/Users/viniciustormin/02 Areas/UFG/Visão Computacional/LipNet-PyTorch-Transformer/.venv/lib/python3.13/site-packages/face_alignment/api.py:130: UserWarning: Compiling face alignment model (one-time cost). Subsequent runs will be faster.
  warnings.warn(
/Users/viniciustormin/02 Areas/UFG/Visão Computacional/LipNet-PyTorch-Transformer/.venv/lib/python3.13/site-packages/face_alignment/api.py:130: UserWarning: Compiling face alignment model (one-time cost). Subsequent runs will be faster.
  warnings.warn(
/Users/viniciustormin/02 Areas/UFG/Visão Computacional/LipNet-PyTorch-Transformer/.venv/lib/python3.13/site-packages/face_alignment/api.py:130: UserWarning: Compiling face alignment model (one-time cost). Subsequent runs will be faster.
  warnings.warn(
/Users/viniciustormin/02 Areas/UFG/Visão Computacional/LipNet-PyTorch-Transformer/.venv/lib/python3.13/site-packages/face_alignment/api.py:130: UserWarning: Compiling face alignment model (one-time cost). Subsequent runs will be faster.
  warnings.warn(
/Users/viniciustormin/02 Areas/UFG/Visão Computacional/LipNet-PyTorch-Transformer/.venv/lib/python3.13/site-packages/face_alignment/api.py:130: UserWarning: Compiling face alignment model (one-time cost). Subsequent runs will be faster.
  warnings.warn(
/Users/viniciustormin/02 Areas/UFG/Visão Computacional/LipNet-PyTorch-Transformer/.venv/lib/python3.13/site-packages/face_alignment/api.py:130: UserWarning: Compiling face alignment model (one-time cost). Subsequent runs will be faster.
  warnings.warn(
/Users/viniciustormin/02 Areas/UFG/Visão Computacional/LipNet-PyTorch-Transformer/.venv/lib/python3.13/site-packages/face_alignment/api.py:130: UserWarning: Compiling face alignment model (one-time cost). Subsequent runs will be faster.
  warnings.warn(
/Users/viniciustormin/02 Areas/UFG/Visão Computacional/LipNet-PyTorch-Transformer/.venv/lib/python3.13/site-packages/face_alignment/api.py:130: UserWarning: Compiling face alignment model (one-time cost). Subsequent runs will be faster.
  warnings.warn(
/Users/viniciustormin/02 Areas/UFG/Visão Computacional/LipNet-PyTorch-Transformer/.venv/lib/python3.13/site-packages/face_alignment/api.py:130: UserWarning: Compiling face alignment model (one-time cost). Subsequent runs will be faster.
  warnings.warn(
/Users/viniciustormin/02 Areas/UFG/Visão Computacional/LipNet-PyTorch-Transformer/.venv/lib/python3.13/site-packages/face_alignment/api.py:130: UserWarning: Compiling face alignment model (one-time cost). Subsequent runs will be faster.
  warnings.warn(
/Users/viniciustormin/02 Areas/UFG/Visão Computacional/LipNet-PyTorch-Transformer/.venv/lib/python3.13/site-packages/face_alignment/api.py:130: UserWarning: Compiling face alignment model (one-time cost). Subsequent runs will be faster.
  warnings.warn(
/Users/viniciustormin/02 Areas/UFG/Visão Computacional/LipNet-PyTorch-Transformer/.venv/lib/python3.13/site-packages/face_alignment/api.py:130: UserWarning: Compiling face alignment model (one-time cost). Subsequent runs will be faster.
  warnings.warn(
/Users/viniciustormin/02 Areas/UFG/Visão Computacional/LipNet-PyTorch-Transformer/.venv/lib/python3.13/site-packages/face_alignment/api.py:130: UserWarning: Compiling face alignment model (one-time cost). Subsequent runs will be faster.
  warnings.warn(
/Users/viniciustormin/02 Areas/UFG/Visão Computacional/LipNet-PyTorch-Transformer/.venv/lib/python3.13/site-packages/face_alignment/api.py:130: UserWarning: Compiling face alignment model (one-time cost). Subsequent runs will be faster.
  warnings.warn(
/Users/viniciustormin/02 Areas/UFG/Visão Computacional/LipNet-PyTorch-Transformer/.venv/lib/python3.13/site-packages/face_alignment/api.py:130: UserWarning: Compiling face alignment model (one-time cost). Subsequent runs will be faster.
  warnings.warn(
/Users/viniciustormin/02 Areas/UFG/Visão Computacional/LipNet-PyTorch-Transformer/.venv/lib/python3.13/site-packages/face_alignment/api.py:130: UserWarning: Compiling face alignment model (one-time cost). Subsequent runs will be faster.
  warnings.warn(
/Users/viniciustormin/02 Areas/UFG/Visão Computacional/LipNet-PyTorch-Transformer/.venv/lib/python3.13/site-packages/face_alignment/api.py:130: UserWarning: Compiling face alignment model (one-time cost). Subsequent runs will be faster.
  warnings.warn(
/Users/viniciustormin/02 Areas/UFG/Visão Computacional/LipNet-PyTorch-Transformer/.venv/lib/python3.13/site-packages/face_alignment/api.py:130: UserWarning: Compiling face alignment model (one-time cost). Subsequent runs will be faster.
  warnings.warn(
/Users/viniciustormin/02 Areas/UFG/Visão Computacional/LipNet-PyTorch-Transformer/.venv/lib/python3.13/site-packages/face_alignment/api.py:130: UserWarning: Compiling face alignment model (one-time cost). Subsequent runs will be faster.
  warnings.warn(
/Users/viniciustormin/02 Areas/UFG/Visão Computacional/LipNet-PyTorch-Transformer/.venv/lib/python3.13/site-packages/face_alignment/api.py:130: UserWarning: Compiling face alignment model (one-time cost). Subsequent runs will be faster.
  warnings.warn(
/Users/viniciustormin/02 Areas/UFG/Visão Computacional/LipNet-PyTorch-Transformer/.venv/lib/python3.13/site-packages/face_alignment/api.py:130: UserWarning: Compiling face alignment model (one-time cost). Subsequent runs will be faster.
  warnings.warn(
/Users/viniciustormin/02 Areas/UFG/Visão Computacional/LipNet-PyTorch-Transformer/.venv/lib/python3.13/site-packages/face_alignment/api.py:130: UserWarning: Compiling face alignment model (one-time cost). Subsequent runs will be faster.
  warnings.warn(
/Users/viniciustormin/02 Areas/UFG/Visão Computacional/LipNet-PyTorch-Transformer/.venv/lib/python3.13/site-packages/face_alignment/api.py:130: UserWarning: Compiling face alignment model (one-time cost). Subsequent runs will be faster.
  warnings.warn(
/Users/viniciustormin/02 Areas/UFG/Visão Computacional/LipNet-PyTorch-Transformer/.venv/lib/python3.13/site-packages/face_alignment/api.py:130: UserWarning: Compiling face alignment model (one-time cost). Subsequent runs will be faster.
  warnings.warn(
/Users/viniciustormin/02 Areas/UFG/Visão Computacional/LipNet-PyTorch-Transformer/.venv/lib/python3.13/site-packages/face_alignment/api.py:130: UserWarning: Compiling face alignment model (one-time cost). Subsequent runs will be faster.
  warnings.warn(
/Users/viniciustormin/02 Areas/UFG/Visão Computacional/LipNet-PyTorch-Transformer/.venv/lib/python3.13/site-packages/face_alignment/api.py:130: UserWarning: Compiling face alignment model (one-time cost). Subsequent runs will be faster.
  warnings.warn(
/Users/viniciustormin/02 Areas/UFG/Visão Computacional/LipNet-PyTorch-Transformer/.venv/lib/python3.13/site-packages/face_alignment/api.py:130: UserWarning: Compiling face alignment model (one-time cost). Subsequent runs will be faster.
  warnings.warn(
/Users/viniciustormin/02 Areas/UFG/Visão Computacional/LipNet-PyTorch-Transformer/.venv/lib/python3.13/site-packages/face_alignment/api.py:130: UserWarning: Compiling face alignment model (one-time cost). Subsequent runs will be faster.
  warnings.warn(
/Users/viniciustormin/02 Areas/UFG/Visão Computacional/LipNet-PyTorch-Transformer/.venv/lib/python3.13/site-packages/face_alignment/api.py:130: UserWarning: Compiling face alignment model (one-time cost). Subsequent runs will be faster.
  warnings.warn(
/Users/viniciustormin/02 Areas/UFG/Visão Computacional/LipNet-PyTorch-Transformer/.venv/lib/python3.13/site-packages/face_alignment/api.py:130: UserWarning: Compiling face alignment model (one-time cost). Subsequent runs will be faster.
  warnings.warn(
/Users/viniciustormin/02 Areas/UFG/Visão Computacional/LipNet-PyTorch-Transformer/.venv/lib/python3.13/site-packages/face_alignment/api.py:130: UserWarning: Compiling face alignment model (one-time cost). Subsequent runs will be faster.
  warnings.warn(
/Users/viniciustormin/02 Areas/UFG/Visão Computacional/LipNet-PyTorch-Transformer/.venv/lib/python3.13/site-packages/face_alignment/api.py:130: UserWarning: Compiling face alignment model (one-time cost). Subsequent runs will be faster.
  warnings.warn(
/Users/viniciustormin/02 Areas/UFG/Visão Computacional/LipNet-PyTorch-Transformer/.venv/lib/python3.13/site-packages/face_alignment/api.py:130: UserWarning: Compiling face alignment model (one-time cost). Subsequent runs will be faster.
  warnings.warn(
/Users/viniciustormin/02 Areas/UFG/Visão Computacional/LipNet-PyTorch-Transformer/.venv/lib/python3.13/site-packages/face_alignment/api.py:130: UserWarning: Compiling face alignment model (one-time cost). Subsequent runs will be faster.
  warnings.warn(
/Users/viniciustormin/02 Areas/UFG/Visão Computacional/LipNet-PyTorch-Transformer/.venv/lib/python3.13/site-packages/face_alignment/api.py:130: UserWarning: Compiling face alignment model (one-time cost). Subsequent runs will be faster.
  warnings.warn(
/Users/viniciustormin/02 Areas/UFG/Visão Computacional/LipNet-PyTorch-Transformer/.venv/lib/python3.13/site-packages/face_alignment/api.py:130: UserWarning: Compiling face alignment model (one-time cost). Subsequent runs will be faster.
  warnings.warn(
/Users/viniciustormin/02 Areas/UFG/Visão Computacional/LipNet-PyTorch-Transformer/.venv/lib/python3.13/site-packages/face_alignment/api.py:130: UserWarning: Compiling face alignment model (one-time cost). Subsequent runs will be faster.
  warnings.warn(
/Users/viniciustormin/02 Areas/UFG/Visão Computacional/LipNet-PyTorch-Transformer/.venv/lib/python3.13/site-packages/face_alignment/api.py:130: UserWarning: Compiling face alignment model (one-time cost). Subsequent runs will be faster.
  warnings.warn(
/Users/viniciustormin/02 Areas/UFG/Visão Computacional/LipNet-PyTorch-Transformer/.venv/lib/python3.13/site-packages/face_alignment/api.py:130: UserWarning: Compiling face alignment model (one-time cost). Subsequent runs will be faster.
  warnings.warn(
/Users/viniciustormin/02 Areas/UFG/Visão Computacional/LipNet-PyTorch-Transformer/.venv/lib/python3.13/site-packages/face_alignment/api.py:130: UserWarning: Compiling face alignment model (one-time cost). Subsequent runs will be faster.
  warnings.warn(
/Users/viniciustormin/02 Areas/UFG/Visão Computacional/LipNet-PyTorch-Transformer/.venv/lib/python3.13/site-packages/face_alignment/api.py:130: UserWarning: Compiling face alignment model (one-time cost). Subsequent runs will be faster.
  warnings.warn(
/Users/viniciustormin/02 Areas/UFG/Visão Computacional/LipNet-PyTorch-Transformer/.venv/lib/python3.13/site-packages/face_alignment/api.py:130: UserWarning: Compiling face alignment model (one-time cost). Subsequent runs will be faster.
  warnings.warn(
/Users/viniciustormin/02 Areas/UFG/Visão Computacional/LipNet-PyTorch-Transformer/.venv/lib/python3.13/site-packages/face_alignment/api.py:130: UserWarning: Compiling face alignment model (one-time cost). Subsequent runs will be faster.
  warnings.warn(
/Users/viniciustormin/02 Areas/UFG/Visão Computacional/LipNet-PyTorch-Transformer/.venv/lib/python3.13/site-packages/face_alignment/api.py:130: UserWarning: Compiling face alignment model (one-time cost). Subsequent runs will be faster.
  warnings.warn(
/Users/viniciustormin/02 Areas/UFG/Visão Computacional/LipNet-PyTorch-Transformer/.venv/lib/python3.13/site-packages/face_alignment/api.py:130: UserWarning: Compiling face alignment model (one-time cost). Subsequent runs will be faster.
  warnings.warn(
/Users/viniciustormin/02 Areas/UFG/Visão Computacional/LipNet-PyTorch-Transformer/.venv/lib/python3.13/site-packages/face_alignment/api.py:130: UserWarning: Compiling face alignment model (one-time cost). Subsequent runs will be faster.
  warnings.warn(
/Users/viniciustormin/02 Areas/UFG/Visão Computacional/LipNet-PyTorch-Transformer/.venv/lib/python3.13/site-packages/face_alignment/api.py:130: UserWarning: Compiling face alignment model (one-time cost). Subsequent runs will be faster.
  warnings.warn(
/Users/viniciustormin/02 Areas/UFG/Visão Computacional/LipNet-PyTorch-Transformer/.venv/lib/python3.13/site-packages/face_alignment/api.py:130: UserWarning: Compiling face alignment model (one-time cost). Subsequent runs will be faster.
  warnings.warn(
/Users/viniciustormin/02 Areas/UFG/Visão Computacional/LipNet-PyTorch-Transformer/.venv/lib/python3.13/site-packages/face_alignment/api.py:130: UserWarning: Compiling face alignment model (one-time cost). Subsequent runs will be faster.
  warnings.warn(
/Users/viniciustormin/02 Areas/UFG/Visão Computacional/LipNet-PyTorch-Transformer/.venv/lib/python3.13/site-packages/face_alignment/api.py:130: UserWarning: Compiling face alignment model (one-time cost). Subsequent runs will be faster.
  warnings.warn(
/Users/viniciustormin/02 Areas/UFG/Visão Computacional/LipNet-PyTorch-Transformer/.venv/lib/python3.13/site-packages/face_alignment/api.py:130: UserWarning: Compiling face alignment model (one-time cost). Subsequent runs will be faster.
  warnings.warn(
/Users/viniciustormin/02 Areas/UFG/Visão Computacional/LipNet-PyTorch-Transformer/.venv/lib/python3.13/site-packages/face_alignment/api.py:130: UserWarning: Compiling face alignment model (one-time cost). Subsequent runs will be faster.
  warnings.warn(
/Users/viniciustormin/02 Areas/UFG/Visão Computacional/LipNet-PyTorch-Transformer/.venv/lib/python3.13/site-packages/face_alignment/api.py:130: UserWarning: Compiling face alignment model (one-time cost). Subsequent runs will be faster.
  warnings.warn(
/Users/viniciustormin/02 Areas/UFG/Visão Computacional/LipNet-PyTorch-Transformer/.venv/lib/python3.13/site-packages/face_alignment/api.py:130: UserWarning: Compiling face alignment model (one-time cost). Subsequent runs will be faster.
  warnings.warn(
/Users/viniciustormin/02 Areas/UFG/Visão Computacional/LipNet-PyTorch-Transformer/.venv/lib/python3.13/site-packages/face_alignment/api.py:130: UserWarning: Compiling face alignment model (one-time cost). Subsequent runs will be faster.
  warnings.warn(
/Users/viniciustormin/02 Areas/UFG/Visão Computacional/LipNet-PyTorch-Transformer/.venv/lib/python3.13/site-packages/face_alignment/api.py:130: UserWarning: Compiling face alignment model (one-time cost). Subsequent runs will be faster.
  warnings.warn(
/Users/viniciustormin/02 Areas/UFG/Visão Computacional/LipNet-PyTorch-Transformer/.venv/lib/python3.13/site-packages/face_alignment/api.py:130: UserWarning: Compiling face alignment model (one-time cost). Subsequent runs will be faster.
  warnings.warn(
/Users/viniciustormin/02 Areas/UFG/Visão Computacional/LipNet-PyTorch-Transformer/.venv/lib/python3.13/site-packages/face_alignment/api.py:130: UserWarning: Compiling face alignment model (one-time cost). Subsequent runs will be faster.
  warnings.warn(
/Users/viniciustormin/02 Areas/UFG/Visão Computacional/LipNet-PyTorch-Transformer/.venv/lib/python3.13/site-packages/face_alignment/api.py:130: UserWarning: Compiling face alignment model (one-time cost). Subsequent runs will be faster.
  warnings.warn(
/Users/viniciustormin/02 Areas/UFG/Visão Computacional/LipNet-PyTorch-Transformer/.venv/lib/python3.13/site-packages/face_alignment/api.py:130: UserWarning: Compiling face alignment model (one-time cost). Subsequent runs will be faster.
  warnings.warn(
/Users/viniciustormin/02 Areas/UFG/Visão Computacional/LipNet-PyTorch-Transformer/.venv/lib/python3.13/site-packages/face_alignment/api.py:130: UserWarning: Compiling face alignment model (one-time cost). Subsequent runs will be faster.
  warnings.warn(
/Users/viniciustormin/02 Areas/UFG/Visão Computacional/LipNet-PyTorch-Transformer/.venv/lib/python3.13/site-packages/face_alignment/api.py:130: UserWarning: Compiling face alignment model (one-time cost). Subsequent runs will be faster.
  warnings.warn(
/Users/viniciustormin/02 Areas/UFG/Visão Computacional/LipNet-PyTorch-Transformer/.venv/lib/python3.13/site-packages/face_alignment/api.py:130: UserWarning: Compiling face alignment model (one-time cost). Subsequent runs will be faster.
  warnings.warn(
/Users/viniciustormin/02 Areas/UFG/Visão Computacional/LipNet-PyTorch-Transformer/.venv/lib/python3.13/site-packages/face_alignment/api.py:130: UserWarning: Compiling face alignment model (one-time cost). Subsequent runs will be faster.
  warnings.warn(
/Users/viniciustormin/02 Areas/UFG/Visão Computacional/LipNet-PyTorch-Transformer/.venv/lib/python3.13/site-packages/face_alignment/api.py:130: UserWarning: Compiling face alignment model (one-time cost). Subsequent runs will be faster.
  warnings.warn(
/Users/viniciustormin/02 Areas/UFG/Visão Computacional/LipNet-PyTorch-Transformer/.venv/lib/python3.13/site-packages/face_alignment/api.py:130: UserWarning: Compiling face alignment model (one-time cost). Subsequent runs will be faster.
  warnings.warn(
/Users/viniciustormin/02 Areas/UFG/Visão Computacional/LipNet-PyTorch-Transformer/.venv/lib/python3.13/site-packages/face_alignment/api.py:130: UserWarning: Compiling face alignment model (one-time cost). Subsequent runs will be faster.
  warnings.warn(
/Users/viniciustormin/02 Areas/UFG/Visão Computacional/LipNet-PyTorch-Transformer/.venv/lib/python3.13/site-packages/face_alignment/api.py:130: UserWarning: Compiling face alignment model (one-time cost). Subsequent runs will be faster.
  warnings.warn(
/Users/viniciustormin/02 Areas/UFG/Visão Computacional/LipNet-PyTorch-Transformer/.venv/lib/python3.13/site-packages/face_alignment/api.py:130: UserWarning: Compiling face alignment model (one-time cost). Subsequent runs will be faster.
  warnings.warn(
/Users/viniciustormin/02 Areas/UFG/Visão Computacional/LipNet-PyTorch-Transformer/.venv/lib/python3.13/site-packages/face_alignment/api.py:130: UserWarning: Compiling face alignment model (one-time cost). Subsequent runs will be faster.
  warnings.warn(
/Users/viniciustormin/02 Areas/UFG/Visão Computacional/LipNet-PyTorch-Transformer/.venv/lib/python3.13/site-packages/face_alignment/api.py:130: UserWarning: Compiling face alignment model (one-time cost). Subsequent runs will be faster.
  warnings.warn(
/Users/viniciustormin/02 Areas/UFG/Visão Computacional/LipNet-PyTorch-Transformer/.venv/lib/python3.13/site-packages/face_alignment/api.py:130: UserWarning: Compiling face alignment model (one-time cost). Subsequent runs will be faster.
  warnings.warn(
/Users/viniciustormin/02 Areas/UFG/Visão Computacional/LipNet-PyTorch-Transformer/.venv/lib/python3.13/site-packages/face_alignment/api.py:130: UserWarning: Compiling face alignment model (one-time cost). Subsequent runs will be faster.
  warnings.warn(
/Users/viniciustormin/02 Areas/UFG/Visão Computacional/LipNet-PyTorch-Transformer/.venv/lib/python3.13/site-packages/face_alignment/api.py:130: UserWarning: Compiling face alignment model (one-time cost). Subsequent runs will be faster.
  warnings.warn(
/Users/viniciustormin/02 Areas/UFG/Visão Computacional/LipNet-PyTorch-Transformer/.venv/lib/python3.13/site-packages/face_alignment/api.py:130: UserWarning: Compiling face alignment model (one-time cost). Subsequent runs will be faster.
  warnings.warn(
/Users/viniciustormin/02 Areas/UFG/Visão Computacional/LipNet-PyTorch-Transformer/.venv/lib/python3.13/site-packages/face_alignment/api.py:130: UserWarning: Compiling face alignment model (one-time cost). Subsequent runs will be faster.
  warnings.warn(
/Users/viniciustormin/02 Areas/UFG/Visão Computacional/LipNet-PyTorch-Transformer/.venv/lib/python3.13/site-packages/face_alignment/api.py:130: UserWarning: Compiling face alignment model (one-time cost). Subsequent runs will be faster.
  warnings.warn(
/Users/viniciustormin/02 Areas/UFG/Visão Computacional/LipNet-PyTorch-Transformer/.venv/lib/python3.13/site-packages/face_alignment/api.py:130: UserWarning: Compiling face alignment model (one-time cost). Subsequent runs will be faster.
  warnings.warn(
/Users/viniciustormin/02 Areas/UFG/Visão Computacional/LipNet-PyTorch-Transformer/.venv/lib/python3.13/site-packages/face_alignment/api.py:130: UserWarning: Compiling face alignment model (one-time cost). Subsequent runs will be faster.
  warnings.warn(
/Users/viniciustormin/02 Areas/UFG/Visão Computacional/LipNet-PyTorch-Transformer/.venv/lib/python3.13/site-packages/face_alignment/api.py:130: UserWarning: Compiling face alignment model (one-time cost). Subsequent runs will be faster.
  warnings.warn(
/Users/viniciustormin/02 Areas/UFG/Visão Computacional/LipNet-PyTorch-Transformer/.venv/lib/python3.13/site-packages/face_alignment/api.py:130: UserWarning: Compiling face alignment model (one-time cost). Subsequent runs will be faster.
  warnings.warn(
/Users/viniciustormin/02 Areas/UFG/Visão Computacional/LipNet-PyTorch-Transformer/.venv/lib/python3.13/site-packages/face_alignment/api.py:130: UserWarning: Compiling face alignment model (one-time cost). Subsequent runs will be faster.
  warnings.warn(
/Users/viniciustormin/02 Areas/UFG/Visão Computacional/LipNet-PyTorch-Transformer/.venv/lib/python3.13/site-packages/face_alignment/api.py:130: UserWarning: Compiling face alignment model (one-time cost). Subsequent runs will be faster.
  warnings.warn(
/Users/viniciustormin/02 Areas/UFG/Visão Computacional/LipNet-PyTorch-Transformer/.venv/lib/python3.13/site-packages/face_alignment/api.py:130: UserWarning: Compiling face alignment model (one-time cost). Subsequent runs will be faster.
  warnings.warn(
/Users/viniciustormin/02 Areas/UFG/Visão Computacional/LipNet-PyTorch-Transformer/.venv/lib/python3.13/site-packages/face_alignment/api.py:130: UserWarning: Compiling face alignment model (one-time cost). Subsequent runs will be faster.
  warnings.warn(
/Users/viniciustormin/02 Areas/UFG/Visão Computacional/LipNet-PyTorch-Transformer/.venv/lib/python3.13/site-packages/face_alignment/api.py:130: UserWarning: Compiling face alignment model (one-time cost). Subsequent runs will be faster.
  warnings.warn(
/Users/viniciustormin/02 Areas/UFG/Visão Computacional/LipNet-PyTorch-Transformer/.venv/lib/python3.13/site-packages/face_alignment/api.py:130: UserWarning: Compiling face alignment model (one-time cost). Subsequent runs will be faster.
  warnings.warn(
/Users/viniciustormin/02 Areas/UFG/Visão Computacional/LipNet-PyTorch-Transformer/.venv/lib/python3.13/site-packages/face_alignment/api.py:130: UserWarning: Compiling face alignment model (one-time cost). Subsequent runs will be faster.
  warnings.warn(
/Users/viniciustormin/02 Areas/UFG/Visão Computacional/LipNet-PyTorch-Transformer/.venv/lib/python3.13/site-packages/face_alignment/api.py:130: UserWarning: Compiling face alignment model (one-time cost). Subsequent runs will be faster.
  warnings.warn(
/Users/viniciustormin/02 Areas/UFG/Visão Computacional/LipNet-PyTorch-Transformer/.venv/lib/python3.13/site-packages/face_alignment/api.py:130: UserWarning: Compiling face alignment model (one-time cost). Subsequent runs will be faster.
  warnings.warn(
/Users/viniciustormin/02 Areas/UFG/Visão Computacional/LipNet-PyTorch-Transformer/.venv/lib/python3.13/site-packages/face_alignment/api.py:130: UserWarning: Compiling face alignment model (one-time cost). Subsequent runs will be faster.
  warnings.warn(
/Users/viniciustormin/02 Areas/UFG/Visão Computacional/LipNet-PyTorch-Transformer/.venv/lib/python3.13/site-packages/face_alignment/api.py:130: UserWarning: Compiling face alignment model (one-time cost). Subsequent runs will be faster.
  warnings.warn(

[671/1000] video/mpg_6000/prwk1a: OK (75 frames)
[672/1000] video/mpg_6000/prwkzp: OK (75 frames)
[673/1000] video/mpg_6000/prwq2n: OK (75 frames)
[674/1000] video/mpg_6000/prwq3s: OK (75 frames)
[675/1000] video/mpg_6000/prwq4p: OK (75 frames)
[676/1000] video/mpg_6000/prwq5a: OK (75 frames)
[677/1000] video/mpg_6000/prwx6n: OK (75 frames)
[678/1000] video/mpg_6000/prwx7s: OK (75 frames)
[679/1000] video/mpg_6000/prwx8p: OK (75 frames)
[680/1000] video/mpg_6000/prwx9a: OK (75 frames)
[681/1000] video/mpg_6000/pwad2n: OK (75 frames)
[682/1000] video/mpg_6000/pwad3s: OK (75 frames)
[683/1000] video/mpg_6000/pwad4p: OK (75 frames)
[684/1000] video/mpg_6000/pwad5a: OK (75 frames)
[685/1000] video/mpg_6000/pwaj6n: OK (75 frames)
[686/1000] video/mpg_6000/pwaj7s: OK (75 frames)
[687/1000] video/mpg_6000/pwaj8p: OK (75 frames)
[688/1000] video/mpg_6000/pwaj9a: OK (75 frames)
[689/1000] video/mpg_6000/pwaq1s: OK (75 frames)
[690/1000] video/mpg_6000/pwaq2p: OK (75 frames)
[691/1000] video/mpg_6000/pwaq3a: OK (75 frames)
[692/1000] video/mpg_6000/pwaqzn: OK (75 frames)
[693/1000] video/mpg_6000/pwax4n: OK (75 frames)
[694/1000] video/mpg_6000/pwax5s: OK (75 frames)
[695/1000] video/mpg_6000/pwax6p: OK (75 frames)
[696/1000] video/mpg_6000/pwax7a: OK (75 frames)
[697/1000] video/mpg_6000/pwbd6n: OK (75 frames)
[698/1000] video/mpg_6000/pwbd7s: OK (75 frames)
[699/1000] video/mpg_6000/pwbd8p: OK (75 frames)
[700/1000] video/mpg_6000/pwbd9a: OK (75 frames)
[701/1000] video/mpg_6000/pwbk1s: OK (75 frames)
[702/1000] video/mpg_6000/pwbk2p: OK (75 frames)
[703/1000] video/mpg_6000/pwbk3a: OK (75 frames)
[704/1000] video/mpg_6000/pwbkzn: OK (75 frames)
[705/1000] video/mpg_6000/pwbq4n: OK (75 frames)
[706/1000] video/mpg_6000/pwbq5s: OK (75 frames)
[707/1000] video/mpg_6000/pwbq6p: OK (75 frames)
[708/1000] video/mpg_6000/pwbq7a: OK (75 frames)
[709/1000] video/mpg_6000/pwbx8n: OK (75 frames)
[710/1000] video/mpg_6000/pwbx9s: OK (75 frames)
[711/1000] video/mpg_6000/pwby1a: OK (75 frames)
[712/1000] video/mpg_6000/pwbyzp: OK (75 frames)
[713/1000] video/mpg_6000/pwic8n: OK (75 frames)
[714/1000] video/mpg_6000/pwic9s: OK (75 frames)
[715/1000] video/mpg_6000/pwid1a: OK (75 frames)
[716/1000] video/mpg_6000/pwidzp: OK (75 frames)
[717/1000] video/mpg_6000/pwij2n: OK (75 frames)
[718/1000] video/mpg_6000/pwij3s: OK (75 frames)
[719/1000] video/mpg_6000/pwij4p: OK (75 frames)
[720/1000] video/mpg_6000/pwij5a: OK (75 frames)
[721/1000] video/mpg_6000/pwip6n: OK (75 frames)
[722/1000] video/mpg_6000/pwip7s: OK (75 frames)
[723/1000] video/mpg_6000/pwip8p: OK (75 frames)
[724/1000] video/mpg_6000/pwip9a: OK (75 frames)
[725/1000] video/mpg_6000/pwix1s: OK (75 frames)
[726/1000] video/mpg_6000/pwix2p: OK (75 frames)
[727/1000] video/mpg_6000/pwix3a: OK (75 frames)
[728/1000] video/mpg_6000/pwixzn: OK (75 frames)
[729/1000] video/mpg_6000/pwwe1s: OK (75 frames)
[730/1000] video/mpg_6000/pwwe2p: OK (75 frames)
[731/1000] video/mpg_6000/pwwe3a: OK (75 frames)
[732/1000] video/mpg_6000/pwwezn: OK (75 frames)
[733/1000] video/mpg_6000/pwwk4n: OK (75 frames)
[734/1000] video/mpg_6000/pwwk5s: OK (75 frames)
[735/1000] video/mpg_6000/pwwk6p: OK (75 frames)
[736/1000] video/mpg_6000/pwwk7a: OK (75 frames)
[737/1000] video/mpg_6000/pwwq8n: OK (75 frames)
[738/1000] video/mpg_6000/pwwq9s: OK (75 frames)
[739/1000] video/mpg_6000/pwwr1a: OK (75 frames)
[740/1000] video/mpg_6000/pwwrzp: OK (75 frames)
[741/1000] video/mpg_6000/pwwy2n: OK (75 frames)
[742/1000] video/mpg_6000/pwwy3s: OK (75 frames)
[743/1000] video/mpg_6000/pwwy4p: OK (75 frames)
[744/1000] video/mpg_6000/pwwy5a: OK (75 frames)
[745/1000] video/mpg_6000/sbaa4n: OK (75 frames)
[746/1000] video/mpg_6000/sbaa5s: OK (75 frames)
[747/1000] video/mpg_6000/sbaa6p: OK (75 frames)
[748/1000] video/mpg_6000/sbaa7a: OK (75 frames)
[749/1000] video/mpg_6000/sbag8n: OK (75 frames)
[750/1000] video/mpg_6000/sbag9s: OK (75 frames)
[751/1000] video/mpg_6000/sbah1a: OK (75 frames)
[752/1000] video/mpg_6000/sbahzp: OK (75 frames)
[753/1000] video/mpg_6000/sban2n: OK (75 frames)
[754/1000] video/mpg_6000/sban3s: OK (75 frames)
[755/1000] video/mpg_6000/sban4p: OK (75 frames)
[756/1000] video/mpg_6000/sban5a: OK (75 frames)
[757/1000] video/mpg_6000/sbat6n: OK (75 frames)
[758/1000] video/mpg_6000/sbat7s: OK (75 frames)
[759/1000] video/mpg_6000/sbat8p: OK (75 frames)
[760/1000] video/mpg_6000/sbat9a: OK (75 frames)
[761/1000] video/mpg_6000/sbba8n: OK (75 frames)
[762/1000] video/mpg_6000/sbba9s: OK (75 frames)
[763/1000] video/mpg_6000/sbbb1a: OK (75 frames)
[764/1000] video/mpg_6000/sbbbzp: OK (75 frames)
[765/1000] video/mpg_6000/sbbh2n: OK (75 frames)
[766/1000] video/mpg_6000/sbbh3s: OK (75 frames)
[767/1000] video/mpg_6000/sbbh4p: OK (63 frames)
[768/1000] video/mpg_6000/sbbh5a: OK (75 frames)
[769/1000] video/mpg_6000/sbbn6n: OK (75 frames)
[770/1000] video/mpg_6000/sbbn7s: OK (75 frames)
[771/1000] video/mpg_6000/sbbn8p: OK (75 frames)
[772/1000] video/mpg_6000/sbbn9a: OK (75 frames)
[773/1000] video/mpg_6000/sbbu1s: OK (75 frames)
[774/1000] video/mpg_6000/sbbu2p: OK (75 frames)
[775/1000] video/mpg_6000/sbbu3a: OK (75 frames)
[776/1000] video/mpg_6000/sbbuzn: OK (75 frames)
[777/1000] video/mpg_6000/sbia1s: OK (75 frames)
[778/1000] video/mpg_6000/sbia2p: OK (75 frames)
[779/1000] video/mpg_6000/sbia3a: OK (75 frames)
[780/1000] video/mpg_6000/sbiazn: OK (75 frames)
[781/1000] video/mpg_6000/sbig4n: OK (75 frames)
[782/1000] video/mpg_6000/sbig5s: OK (75 frames)
[783/1000] video/mpg_6000/sbig6p: OK (75 frames)
[784/1000] video/mpg_6000/sbig7a: OK (75 frames)
[785/1000] video/mpg_6000/sbim8n: OK (75 frames)
[786/1000] video/mpg_6000/sbim9s: OK (75 frames)
[787/1000] video/mpg_6000/sbin1a: OK (75 frames)
[788/1000] video/mpg_6000/sbinzp: OK (75 frames)
[789/1000] video/mpg_6000/sbit2n: OK (75 frames)
[790/1000] video/mpg_6000/sbit3s: OK (75 frames)
[791/1000] video/mpg_6000/sbit4p: OK (75 frames)
[792/1000] video/mpg_6000/sbit5a: OK (75 frames)
[793/1000] video/mpg_6000/sbwb2n: OK (75 frames)
[794/1000] video/mpg_6000/sbwb3s: OK (75 frames)
[795/1000] video/mpg_6000/sbwb4p: OK (75 frames)
[796/1000] video/mpg_6000/sbwb5a: OK (75 frames)
[797/1000] video/mpg_6000/sbwh6n: OK (75 frames)
[798/1000] video/mpg_6000/sbwh7s: OK (75 frames)
[799/1000] video/mpg_6000/sbwh8p: OK (75 frames)
[800/1000] video/mpg_6000/sbwh9a: OK (75 frames)
[801/1000] video/mpg_6000/sbwo1s: OK (75 frames)
[802/1000] video/mpg_6000/sbwo2p: OK (75 frames)
[803/1000] video/mpg_6000/sbwo3a: OK (75 frames)
[804/1000] video/mpg_6000/sbwozn: OK (75 frames)
[805/1000] video/mpg_6000/sbwu4n: OK (75 frames)
[806/1000] video/mpg_6000/sbwu5s: OK (75 frames)
[807/1000] video/mpg_6000/sbwu6p: OK (75 frames)
[808/1000] video/mpg_6000/sbwu7a: OK (75 frames)
[809/1000] video/mpg_6000/sgac2n: OK (75 frames)
[810/1000] video/mpg_6000/sgac3s: OK (75 frames)
[811/1000] video/mpg_6000/sgac4p: OK (75 frames)
[812/1000] video/mpg_6000/sgac5a: OK (75 frames)
[813/1000] video/mpg_6000/sgai6n: OK (75 frames)
[814/1000] video/mpg_6000/sgai7s: OK (75 frames)
[815/1000] video/mpg_6000/sgai8p: OK (75 frames)
[816/1000] video/mpg_6000/sgai9a: OK (75 frames)
[817/1000] video/mpg_6000/sgap1s: OK (75 frames)
[818/1000] video/mpg_6000/sgap2p: OK (75 frames)
[819/1000] video/mpg_6000/sgap3a: OK (75 frames)
[820/1000] video/mpg_6000/sgapzn: OK (75 frames)
[821/1000] video/mpg_6000/sgav4n: OK (75 frames)
[822/1000] video/mpg_6000/sgav5s: OK (75 frames)
[823/1000] video/mpg_6000/sgav6p: OK (75 frames)
[824/1000] video/mpg_6000/sgav7a: OK (75 frames)
[825/1000] video/mpg_6000/sgbc6n: OK (75 frames)
[826/1000] video/mpg_6000/sgbc7s: OK (75 frames)
[827/1000] video/mpg_6000/sgbc8p: OK (75 frames)
[828/1000] video/mpg_6000/sgbc9a: OK (75 frames)
[829/1000] video/mpg_6000/sgbj1s: OK (75 frames)
[830/1000] video/mpg_6000/sgbj2p: OK (75 frames)
[831/1000] video/mpg_6000/sgbj3a: OK (75 frames)
[832/1000] video/mpg_6000/sgbjzn: OK (75 frames)
[833/1000] video/mpg_6000/sgbp4n: OK (75 frames)
[834/1000] video/mpg_6000/sgbp5s: OK (75 frames)
[835/1000] video/mpg_6000/sgbp6p: OK (75 frames)
[836/1000] video/mpg_6000/sgbp7a: OK (75 frames)
[837/1000] video/mpg_6000/sgbv8n: OK (75 frames)
[838/1000] video/mpg_6000/sgbv9s: OK (75 frames)
[839/1000] video/mpg_6000/sgbx1a: OK (75 frames)
[840/1000] video/mpg_6000/sgbxzp: OK (75 frames)
[841/1000] video/mpg_6000/sgib8n: OK (75 frames)
[842/1000] video/mpg_6000/sgib9s: OK (75 frames)
[843/1000] video/mpg_6000/sgic1a: OK (75 frames)
[844/1000] video/mpg_6000/sgiczp: OK (75 frames)
[845/1000] video/mpg_6000/sgii2n: OK (75 frames)
[846/1000] video/mpg_6000/sgii3s: OK (75 frames)
[847/1000] video/mpg_6000/sgii4p: OK (75 frames)
[848/1000] video/mpg_6000/sgii5a: OK (75 frames)
[849/1000] video/mpg_6000/sgio6n: OK (75 frames)
[850/1000] video/mpg_6000/sgio7s: OK (75 frames)
[851/1000] video/mpg_6000/sgio8p: OK (75 frames)
[852/1000] video/mpg_6000/sgio9a: OK (75 frames)
[853/1000] video/mpg_6000/sgiv1s: OK (75 frames)
[854/1000] video/mpg_6000/sgiv2p: OK (75 frames)
[855/1000] video/mpg_6000/sgiv3a: OK (75 frames)
[856/1000] video/mpg_6000/sgivzn: OK (75 frames)
[857/1000] video/mpg_6000/sgwd1s: OK (75 frames)
[858/1000] video/mpg_6000/sgwd2p: OK (75 frames)
[859/1000] video/mpg_6000/sgwd3a: OK (75 frames)
[860/1000] video/mpg_6000/sgwdzn: OK (75 frames)
[861/1000] video/mpg_6000/sgwj4n: OK (75 frames)
[862/1000] video/mpg_6000/sgwj5s: OK (75 frames)
[863/1000] video/mpg_6000/sgwj6p: OK (75 frames)
[864/1000] video/mpg_6000/sgwj7a: OK (75 frames)
[865/1000] video/mpg_6000/sgwp8n: OK (75 frames)
[866/1000] video/mpg_6000/sgwp9s: OK (75 frames)
[867/1000] video/mpg_6000/sgwq1a: OK (75 frames)
[868/1000] video/mpg_6000/sgwqzp: OK (75 frames)
[869/1000] video/mpg_6000/sgwx2n: OK (75 frames)
[870/1000] video/mpg_6000/sgwx3s: OK (75 frames)
[871/1000] video/mpg_6000/sgwx4p: OK (75 frames)
[872/1000] video/mpg_6000/sgwx5a: OK (75 frames)
[873/1000] video/mpg_6000/srab1s: OK (75 frames)
[874/1000] video/mpg_6000/srab2p: OK (75 frames)
[875/1000] video/mpg_6000/srab3a: OK (75 frames)
[876/1000] video/mpg_6000/srabzn: OK (75 frames)
[877/1000] video/mpg_6000/srah4n: OK (75 frames)
[878/1000] video/mpg_6000/srah5s: OK (75 frames)
[879/1000] video/mpg_6000/srah6p: OK (75 frames)
[880/1000] video/mpg_6000/srah7a: OK (75 frames)
[881/1000] video/mpg_6000/sran8n: OK (75 frames)
[882/1000] video/mpg_6000/sran9s: OK (67 frames)
[883/1000] video/mpg_6000/srao1a: OK (75 frames)
[884/1000] video/mpg_6000/sraozp: OK (75 frames)
[885/1000] video/mpg_6000/srau2n: OK (75 frames)
[886/1000] video/mpg_6000/srau3s: OK (75 frames)
[887/1000] video/mpg_6000/srau4p: OK (75 frames)
[888/1000] video/mpg_6000/srau5a: OK (75 frames)
[889/1000] video/mpg_6000/srbb4n: OK (75 frames)
[890/1000] video/mpg_6000/srbb5s: OK (75 frames)
[891/1000] video/mpg_6000/srbb6p: OK (75 frames)
[892/1000] video/mpg_6000/srbb7a: OK (75 frames)
[893/1000] video/mpg_6000/srbh8n: OK (75 frames)
[894/1000] video/mpg_6000/srbh9s: OK (75 frames)
[895/1000] video/mpg_6000/srbi1a: OK (75 frames)
[896/1000] video/mpg_6000/srbizp: OK (75 frames)
[897/1000] video/mpg_6000/srbo2n: OK (75 frames)
[898/1000] video/mpg_6000/srbo3s: OK (75 frames)
[899/1000] video/mpg_6000/srbo4p: OK (75 frames)
[900/1000] video/mpg_6000/srbo5a: OK (75 frames)
[901/1000] video/mpg_6000/srbu6n: OK (75 frames)
[902/1000] video/mpg_6000/srbu7s: OK (75 frames)
[903/1000] video/mpg_6000/srbu8p: OK (75 frames)
[904/1000] video/mpg_6000/srbu9a: OK (75 frames)
[905/1000] video/mpg_6000/sria6n: OK (75 frames)
[906/1000] video/mpg_6000/sria7s: OK (75 frames)
[907/1000] video/mpg_6000/sria8p: OK (75 frames)
[908/1000] video/mpg_6000/sria9a: OK (75 frames)
[909/1000] video/mpg_6000/srih1s: OK (75 frames)
[910/1000] video/mpg_6000/srih2p: OK (75 frames)
[911/1000] video/mpg_6000/srih3a: OK (75 frames)
[912/1000] video/mpg_6000/srihzn: OK (75 frames)
[913/1000] video/mpg_6000/srin4n: OK (75 frames)
[914/1000] video/mpg_6000/srin5s: OK (75 frames)
[915/1000] video/mpg_6000/srin6p: OK (75 frames)
[916/1000] video/mpg_6000/srin7a: OK (75 frames)
[917/1000] video/mpg_6000/srit8n: OK (75 frames)
[918/1000] video/mpg_6000/srit9s: OK (75 frames)
[919/1000] video/mpg_6000/sriu1a: OK (75 frames)
[920/1000] video/mpg_6000/sriuzp: OK (75 frames)
[921/1000] video/mpg_6000/srwb8n: OK (75 frames)
[922/1000] video/mpg_6000/srwb9s: OK (75 frames)
[923/1000] video/mpg_6000/srwc1a: OK (75 frames)
[924/1000] video/mpg_6000/srwczp: OK (75 frames)
[925/1000] video/mpg_6000/srwi2n: OK (75 frames)
[926/1000] video/mpg_6000/srwi3s: OK (75 frames)
[927/1000] video/mpg_6000/srwi4p: OK (75 frames)
[928/1000] video/mpg_6000/srwi5a: OK (75 frames)
[929/1000] video/mpg_6000/srwo6n: OK (75 frames)
[930/1000] video/mpg_6000/srwo7s: OK (75 frames)
[931/1000] video/mpg_6000/srwo8p: OK (75 frames)
[932/1000] video/mpg_6000/srwo9a: OK (75 frames)
[933/1000] video/mpg_6000/srwv1s: OK (75 frames)
[934/1000] video/mpg_6000/srwv2p: OK (75 frames)
[935/1000] video/mpg_6000/srwv3a: OK (75 frames)
[936/1000] video/mpg_6000/srwvzn: OK (75 frames)
[937/1000] video/mpg_6000/swab6n: OK (75 frames)
[938/1000] video/mpg_6000/swab7s: OK (75 frames)
[939/1000] video/mpg_6000/swab8p: OK (75 frames)
[940/1000] video/mpg_6000/swab9a: OK (75 frames)
[941/1000] video/mpg_6000/swai1s: OK (75 frames)
[942/1000] video/mpg_6000/swai2p: OK (75 frames)
[943/1000] video/mpg_6000/swai3a: OK (75 frames)
[944/1000] video/mpg_6000/swaizn: OK (75 frames)
[945/1000] video/mpg_6000/swao4n: OK (75 frames)
[946/1000] video/mpg_6000/swao5s: OK (75 frames)
[947/1000] video/mpg_6000/swao6p: OK (75 frames)
[948/1000] video/mpg_6000/swao7a: OK (75 frames)
[949/1000] video/mpg_6000/swau8n: OK (75 frames)
[950/1000] video/mpg_6000/swau9s: OK (75 frames)
[951/1000] video/mpg_6000/swav1a: OK (75 frames)
[952/1000] video/mpg_6000/swavzp: OK (75 frames)
[953/1000] video/mpg_6000/swbc1s: OK (75 frames)
[954/1000] video/mpg_6000/swbc2p: OK (75 frames)
[955/1000] video/mpg_6000/swbc3a: OK (75 frames)
[956/1000] video/mpg_6000/swbczn: OK (75 frames)
[957/1000] video/mpg_6000/swbi4n: OK (75 frames)
[958/1000] video/mpg_6000/swbi5s: OK (75 frames)
[959/1000] video/mpg_6000/swbi6p: OK (75 frames)
[960/1000] video/mpg_6000/swbi7a: OK (75 frames)
[961/1000] video/mpg_6000/swbo8n: OK (75 frames)
[962/1000] video/mpg_6000/swbo9s: OK (75 frames)
[963/1000] video/mpg_6000/swbp1a: OK (75 frames)
[964/1000] video/mpg_6000/swbpzp: OK (75 frames)
[965/1000] video/mpg_6000/swbv2n: OK (75 frames)
[966/1000] video/mpg_6000/swbv3s: OK (75 frames)
[967/1000] video/mpg_6000/swbv4p: OK (75 frames)
[968/1000] video/mpg_6000/swbv5a: OK (75 frames)
[969/1000] video/mpg_6000/swib2n: OK (75 frames)
[970/1000] video/mpg_6000/swib3s: OK (75 frames)
[971/1000] video/mpg_6000/swib4p: OK (75 frames)
[972/1000] video/mpg_6000/swib5a: OK (75 frames)
[973/1000] video/mpg_6000/swih6n: OK (75 frames)
[974/1000] video/mpg_6000/swih7s: OK (75 frames)
[975/1000] video/mpg_6000/swih8p: OK (75 frames)
[976/1000] video/mpg_6000/swih9a: OK (75 frames)
[977/1000] video/mpg_6000/swio1s: OK (75 frames)
[978/1000] video/mpg_6000/swio2p: OK (75 frames)
[979/1000] video/mpg_6000/swio3a: OK (75 frames)
[980/1000] video/mpg_6000/swiozn: OK (75 frames)
[981/1000] video/mpg_6000/swiu4n: OK (75 frames)
[982/1000] video/mpg_6000/swiu5s: OK (75 frames)
[983/1000] video/mpg_6000/swiu6p: OK (75 frames)
[984/1000] video/mpg_6000/swiu7a: OK (75 frames)
[985/1000] video/mpg_6000/swwc4n: OK (75 frames)
[986/1000] video/mpg_6000/swwc5s: OK (75 frames)
[987/1000] video/mpg_6000/swwc6p: OK (75 frames)
[988/1000] video/mpg_6000/swwc7a: OK (75 frames)
[989/1000] video/mpg_6000/swwi8n: OK (75 frames)
[990/1000] video/mpg_6000/swwi9s: OK (75 frames)
[991/1000] video/mpg_6000/swwj1a: OK (75 frames)
[992/1000] video/mpg_6000/swwjzp: OK (75 frames)
[993/1000] video/mpg_6000/swwp2n: OK (75 frames)
[994/1000] video/mpg_6000/swwp3s: OK (75 frames)
[995/1000] video/mpg_6000/swwp4p: OK (75 frames)
[996/1000] video/mpg_6000/swwp5a: OK (75 frames)
[997/1000] video/mpg_6000/swwv6n: OK (75 frames)
[998/1000] video/mpg_6000/swwv7s: OK (75 frames)
[999/1000] video/mpg_6000/swwv8p: OK (75 frames)
[1000/1000] video/mpg_6000/swwv9a: OK (75 frames)

Preprocessing complete.
[lipnet-macos 2026-05-18 08:33:20]   [OK] s1
[lipnet-macos 2026-05-18 08:33:20] === Etapa 1 concluída ===
[lipnet-macos 2026-05-18 08:33:20] Data lists: 734 treino / 255 validação (speakers: 1)
[lipnet-macos 2026-05-18 08:33:20] === Etapa 2/3 — Treinando LipNet-GRU (device=auto) ===
Traceback (most recent call last):
  File "/Users/viniciustormin/02 Areas/UFG/Visão Computacional/LipNet-PyTorch-Transformer/train_transformer.py", line 323, in <module>
    train(args)
    ~~~~~^^^^^^
  File "/Users/viniciustormin/02 Areas/UFG/Visão Computacional/LipNet-PyTorch-Transformer/train_transformer.py", line 180, in train
    scheduler = optim.lr_scheduler.ReduceLROnPlateau(
        optimizer, mode='min', factor=0.5, patience=5, verbose=True,
    )
TypeError: ReduceLROnPlateau.__init__() got an unexpected keyword argument 'verbose'
